Brand,Phone,Website,Order by Phone,Order Online,Photo Filename,Order through an online retailer,Established Grocery or Indepedent Health Food store,Farm/Retail Store,Find at Farmers Markets (needs to be broken out from grocery locations)
Traditional Medicinals,,,,,,,,,
Rozzano,,,No,No,,Yes,No,No,No
5 Bar Beef,(714) 749-5717,http://5barbeef.com/,Yes,No,5_Bar_Beef,No,No,,
5 Spoke Creamery,(914) 934-1649,http://www.5spokecreamery.com/,No,No,5_Spoke_Creamery,No,Yes,,
911caviar.com,(800) 660-0063,http://www.911caviar.com/,Yes,Yes,911caviar.com,,No,No,No
A Taste of Thai,(716) 833-8423,http://www.atasteofthai.com/,Yes,Yes,A_Taste_of_Thai,,Yes,,
A. Vogel,,www.herbamare.us,No,No,A._Vogel,Yes,Yes,,
A.F. Kombucha,(877) 566-2824,http://www.kombucha2000.com/,Yes,Yes,A.F._Kombucha,,Yes,,
Abuelita,(703) 369-0232,http://www.abuelita.com/,No,No,Abuelita,No,Yes,,
Aceto Beato DeMarco,(888) 421-6546,http://www.organicoil.com/,No,Yes,Aceto_Beato_DeMarco,Yes,No,,
Acme Bakery,(510) 524-1327,http://acmebread.com/,No,No,Acme_Bakery,No,Yes,Yes,
Acme Smoked Fish,(718) 383-8585,http://www.acmesmokedfish.com,No,No,Acme_Smoked_Fish,No,Yes,,
AcroAma Blends,(563) 552-7415,http://www.acroamablends.com,No,Yes,AcroAma_Blends,Yes,No,,
Adams,(888) 550-9555,http://www.adamspeanutbutter.com,No,Yes,Adams,Yes,Yes,,
Aidell's,(877) 243-3557,http://www.aidells.com,No,Yes,Aidell's,,Yes,,
Ak-Mak,(559) 875-5511,http://www.akmakbakeries.com/,No,No,Ak-Mak,Yes,Yes,,
Al Fresco,(800) 426-6100,http://www.alfrescoallnatural.com/,No,No,Al_Fresco,Yes,Yes,,
Alaffia,(180) 066-4800,https://www.alaffia.com/,No,No,Alaffia,Yes,Yes,,
Alaska Birch Syrup Company,(907) 355-5721,http://www.alaskasyrup.com/,Yes,No,Alaska_Birch_Syrup_Company,No,Yes,,
Alden's,,http://www.aldensicecream.com/,No,Yes,Alden's,,Yes,,
Alderspring Ranch,,http://www.alderspring.com/,No,Yes,Alderspring_Ranch,,No,,
Alexander Valley Gourmet,(707) 473-0116,http://sonomabrinery.com/,No,No,Alexander_Valley_Gourmet,No,Yes,No,No
Alexandre Family EcoDairy Farms,(707) 487-1000,http://www.ecodairyfarms.com/,No,No,Alexandre_Family_EcoDairy_Farms,No,Yes,,
Alford,,http://www.oatmealofalford.com/,No,No,Alford,Yes,No,,
Alfresco Farms,(877) 455-3063,www.alfrescofarms.com/,No,No,Alfresco_Farms,No,Yes,,
Alive & Radiant Foods,(510) 527-8916,http://shop.kaiafoods.com/,Yes,Yes,Alive_and_Radiant_Foods,,No,,
All Stars Bakery,(905) 738-9624,http://allstarsbakery.com/,No,No,All_Stars_Bakery,No,Yes,No,Yes
Alpha,(1800) 663-2212,http://www.alphahealth.ca/shop/,Yes,Yes,Alpha,,Yes,,
Alvarado Street Bakery,(707) 283-0300,http://www.alvaradostreetbakery.com/,Yes,Yes,Alvarado_Street_Bakery,,Yes,,
American Flatbread,(802) 496-8856,http://americanflatbread.com/,No,Yes,American_Flatbread,,No,,
American Grass Fed Beef,(866) 255-5002,http://www.americangrassfedbeef.com/,Yes,Yes,American_Grass_Fed_Beef,,Yes,,
American Tuna,(866) 817-0497,http://www.americantuna.com/,Yes,Yes,American_Tuna,,Yes,,
Ames Farm,(952) 955-3348,http://www.amesfarm.com/,No,Yes,Ames_Farm,,Yes,No,No
"Amish Honey, Inc.",(917) 519-1242,http://amishhoney.com,No,Yes,"Amish_Honey,_Inc.",Yes,No,,
Amport Foods,(1855) 273-0466,http://www.amportfoods.com/,No,No,Amport_Foods,No,Yes,No,No
Amy & Brian,(360) 433-2325,http://amyandbriannaturals.com/,No,No,Amy_&_Brian,Yes,Yes,No,No
Amy's,(707) 568-4500,amys.com,No,Yes,Amy's,Yes,Yes,Yes,No
Anahata Balance,(231) 360-7043,http://store.anahatabalance.com/,Yes,Yes,Anahata_Balance,,No,,
Anchor,(954) 536-2000,http://www.anchorbutter.com/,No,No,Anchor,No,Yes,,
Ancient Harvest,(310) 217-8140,http://www.quinoa.net/,No,Yes,Ancient_Harvest,,Yes,,
Ancient Organics,(510) 847-5565,http://www.ancientorganics.com/,No,Yes,Ancient_Organics,,Yes,No,No
Anderson Ranches,(541) 466-5866,http://www.oregonlamb.com/,Yes,Yes,Anderson_Ranches,,Yes,No,No
Andes  (Karis Naturals),(714) 522-0700,http://karisalt.com/,No,Yes,Andes__(Karis_Naturals),No,No,Yes,
Annie's Naturals,(800) 288-1089,http://www.annies.com/,No,No,Annie's_Naturals,Yes,Yes,,
Anton Kozlik's,(416) 361-9788,http://www.mustardmaker.com/,No,Yes,Anton_Kozlik's,,Yes,,
Apollinaris,,http://www.apollinaris.de/,No,No,Apollinaris,Yes,Yes,,
Apollo,(877) 776-0703,www.apollooliveoil.com,No,Yes,Apollo,,Yes,,
Applegate Naturals,(866) 587-5858,http://www.applegate.com/,No,Yes,Applegate_Naturals,,Yes,,
Aqua Vitea,(802) 453-8590,http://aquavitea.com/,No,No,Aqua_Vitea,No,Yes,,
Aroy-D,,,No,No,Aroy-D,Yes,Yes,,
Arrowhead Mills,(1800) 434-4246,http://www.arrowheadmills.com/,No,Yes,Arrowhead_Mills,,Yes,,
Artisana,(866) 237-8688,http://artisanafoods.com/,Yes,Yes,Artisana,,No,,
Atkins Ranch,(510) 440-8700,http://www.atkinsranch.com/,No,No,Atkins_Ranch,No,Yes,,
Atlantic Mariculture,(506) 662-8150,http://www.organicdulse.com/,No,No,Atlantic_Mariculture,Yes,Yes,,
Australian Lamb,(800) 438-5262,http://www.australianlamb.com/,No,No,Australian_Lamb,No,Yes,,
Awers Inc.,(888) 297-9196,http://www.red-caviar.com/,Yes,Yes,Awers_Inc.,,No,,
Awesome Foods,(610) 757-1048,http://www.awesomefoods.com/,No,Yes,Awesome_Foods,,Yes,No,No
Azure Standard,(541) 467-2230,http://www.azurestandard.com/,Yes,Yes,Azure_Standard,,No,Yes,
B & G Honey Farm,,http://www.bandghoneyfarm.com/,No,Yes,B_&_G_Honey_Farm,No,No,No,No
Back Creek,(540) 499-2302,http://www.welcometobackcreek.com/syrup/,Yes,No,Back_Creek,No,No,,
Backyard Birds,(877) 455-3063,http://www.vitalfarms.com/otherbrands.html,No,No,Backyard_Birds,No,Yes,No,
Balducci's,(800) 346-8763,http://www.balduccis.com/,Yes,Yes,Balducci's,,Yes,,
Baldwin Charolais Beef,(800) 896-4857,www.baldwingrassfedbeef.com/,Yes,Yes,Baldwin_Charolais_Beef,,Yes,,
BannerBee,(240) 793-0363,www.bannerbees.com/,Yes,Yes,BannerBee,,Yes,No,No
BAO,(718) 391-0009,http://www.baofoodanddrink.com/,No,Yes,BAO,No,Yes,,
Bar 10 Ranch,(800) 582-4139,www.bar10beef.com,Yes,Yes,Bar_10_Ranch,,No,,
Bar Harbor,(800) 962-6258,http://www.barharborfoods.com,No,Yes,Bar_Harbor,Yes,Yes,,
Bare Fruit,(800) 940-0019,http://www.barefruitsnacks.com/,No,Yes,Bare_Fruit,No,Yes,,
Bareville Creamery,(717) 656-4422,,Yes,No,Bareville_Creamery,No,No,,No
Bariani,(415) 864-1917,https://www.barianioliveoil.com/,No,Yes,Bariani,,Yes,No,No
Barlean's,(800) 445-3529,http://www.barleans.com/,Yes,Yes,Barlean's,,Yes,,
Barry Farm,,http://www.barryfarm.com/,No,Yes,Barry_Farm,Yes,No,Yes,Yes
BC Kelp,(1250) 622-7085,http://www.bckelp.com/,No,Yes,BC_Kelp,No,No,No,No
Beccaroons,(952) 451-0343,,Yes,No,Beccaroons,No,No,,
Bechard Family Farm,(417) 589-4152,http://www.bechardfarm.com/,Yes,Yes,Bechard_Family_Farm,No,No,,
Becker Lane Organic,(563) 875-2248,http://beckerlaneorganic.com/,No,Yes,Becker_Lane_Organic,,Yes,,
Bee Chama Honey,(575) 517-7438,http://www.beechamahoney.com/,Yes,No,Bee_Chama_Honey,No,No,,
Beeler's,(877) 378-8520,http://www.beelerspurepork.com/,Yes,Yes,Beeler's,,Yes,,
Bela-Olhao,,,No,No,Bela-Olhao,Yes,Yes,,
Bell & Evans,(717) 865-6626,http://www.bellandevans.com/,No,No,Bell_&_Evans,No,Yes,No,No
Bellwether Farms,(707) 763-0993,http://www.bellwetherfarms.com/,No,Yes,Bellwether_Farms,,Yes,,
Beltie Beef,(877) 846-5721,http://www.beltiebeef.com/,Yes,Yes,Beltie_Beef,,Yes,,
Ben & Jerry's,(802) 846-1500,http://www.benjerry.com/,No,No,Ben_&_Jerry's,No,Yes,,
Beneficial Farms,(505) 470-1969,http://mesatopfarm.com/,No,No,Beneficial_Farms,No,Yes,No,No
Berkshire Mountain Bakery,(413) 274-3412,http://www.berkshiremountainbakery.com/,Yes,Yes,Berkshire_Mountain_Bakery,,No,,
Berlin Natural Bakery,(800) 686-5334,http://www.berlinnaturalbakery.com/,Yes,Yes,Berlin_Natural_Bakery,,Yes,,
Bernard Jensen,(888) 593-8333,http://www.bernardjensen.com/,No,Yes,Bernard_Jensen,,No,Yes,No
Best Of All,(800) 381-0759,,No,No,Best_Of_All,Yes,No,,
Better Than Roasted - Blue Mountain Organics,(540) 745-5040,http://www.bluemountainorganics.com/betterthanroasted/,No,Yes,Better_Than_Roasted_-_Blue_Mountain_Organics,Yes,Yes,,
Bices Quality Critter Ranch,(715) 424-5159,http://bicesranch.com/,Yes,No,Bices_Quality_Critter_Ranch,No,No,No,No
Biena,(450) 778-5505,http://www.biena.com,No,No,Biena,Yes,No,,
Big Tree Farms,(541) 488-5605,http://bigtreefarms.com/,No,Yes,Big_Tree_Farms,,Yes,No,No
Big Tree Farms,(541) 488-5605,www.bigtreefarms.com,Yes,Yes,Big_Tree_Farms,No,Yes,,
Bija,,http://www.floressencetea.com/category/Bija.html#tab=Home,No,Yes,Bija,Yes,Yes,No,No
Bilinski's,(877) 873-9102,http://www.bilinski.com/,No,Yes,Bilinski's,,Yes,,
Bioitalia,,http://www.bioitalia.it/index.php,No,No,Bioitalia,Yes,Yes,,
Bionaturae,(860) 642-6996,http://www.bionaturae.com/,No,No,Bionaturae,No,Yes,No,No
Biotta Naturals,(888) 524-6882,http://biottajuices.com/,Yes,Yes,Biotta_Naturals,,Yes,,
Black Earth Meats,(608) 767-3940,http://www.blackearthmeats.com/,Yes,No,Black_Earth_Meats,No,Yes,,
"Blackwing, Inc.",(847) 838-4888,http://www.blackwing.com/,Yes,Yes,"Blackwing,_Inc.",,No,No,No
BLiS,(616) 942-7545,http://blisgourmet.com/home/,Yes,Yes,BLiS,No,Yes,,
Blue Hill Bay,(718) 383-8585,http://www.acmesmokedfish.com/products?landing=blue-hill-bay,No,No,Blue_Hill_Bay,Yes,Yes,No,No
Blue Monkey,,http://www.bluemonkeydrinks.com,No,No,Blue_Monkey,Yes,Yes,,
Blue Mountain Meadows,(717) 423-5680,,Yes,No,Blue_Mountain_Meadows,Yes,No,,
Bluebird Grain Farms,(888) 232-0331,http://www.bluebirdgrainfarms.com/,Yes,Yes,Bluebird_Grain_Farms,No,Yes,,
Bluff Wood Creek,(317) 536-9800,http://www.bluffwoodcreek.com,No,No,Bluff_Wood_Creek,No,Yes,,
Boar's Head,(1800) 352-6277,http://boarshead.com/,No,No,Boar's_Head,No,Yes,Yes,
Bob's Red Mill,(800) 349-2173,http://www.bobsredmill.com/,No,No,Bob's_Red_Mill,Yes,Yes,No,No
Bobolink Dairy,(973) 764-4888,http://www.cowsoutside.com/,No,Yes,Bobolink_Dairy,,No,,
Body Ecology,(800) 511-2660,http://bodyecology.com/,Yes,Yes,Body_Ecology,,No,,
Bolzano Artisan Meats,(414) 426-6380,http://bolzanomeats.com/,No,Yes,Bolzano_Artisan_Meats,,Yes,,
Bonewerks,(800) 542-3032,https://www.bonewerksculinarte.com/,No,Yes,Bonewerks,No,No,,
Bonus Vivus,(651) 379-4809,http://www.bonusvivus.com/,No,Yes,Bonus_Vivus,,Yes,No,No
Border Springs Farm,(276) 952-5485,http://www.borderspringsfarm.com/,No,Yes,Border_Springs_Farm,,Yes,,
Boulder Canyon,(866) 890-1004,http://www.bouldercanyonfoods.com/,No,Yes,Boulder_Canyon,,No,,
Box Organix,(309) 335-0599,http://www.boxorganix.com/,No,Yes,Box_Organix,No,No,Yes,
Bragg,(1800) 446-1990,http://www.bragg.com/,Yes,Yes,Bragg,,Yes,No,No
Branched Oak Farm,(402) 783-2124,http://branchedoakfarm.com/,No,No,Branched_Oak_Farm,No,Yes,,
Branon,(802) 827-3914,http://www.branonmaple.com/,No,Yes,Branon,No,Yes,No,No
Brasserie Castelain,,http://www.chti.com/home#,No,No,Brasserie_Castelain,Yes,Yes,,
Brasserie Dupont,,www.brasserie-dupont.com,No,No,Brasserie_Dupont,Yes,Yes,,
Bravo,(559) 834-3222,https://www.bravofarms.com/default.asp,No,Yes,Bravo,No,Yes,,
"Bread Beckers, Inc.",(770) 516-5000,http://www.breadbeckers.com/,No,Yes,"Bread_Beckers,_Inc.",,Yes,,
Bremner Farms,(530) 893-4950,http://organicalmondsraw.com/,Yes,Yes,Bremner_Farms,No,No,Yes,
Brittany Sea Salt,(866) 671-7451,http://www.brittanysalt.com/,No,Yes,Brittany_Sea_Salt,,Yes,No,Yes
Broadleaf,(800) 336-3844,http://www.broadleafgame.com/,Yes,Yes,Broadleaf,No,No,,
Broken Arrow Ranch,(800) 962-4263,http://www.brokenarrowranch.com/,No,Yes,Broken_Arrow_Ranch,,No,,
Brown Cow,(1888) 429-5459,http://www.browncowfarm.com/,No,No,Brown_Cow,No,Yes,,
Brunkow Dairy,(608) 776-3716,https://www.facebook.com/BrunkowCheese,Yes,No,Brunkow_Dairy,Yes,Yes,,
Brunswick (Bumblebee),,http://www.bumblebee.com/,No,Yes,Brunswick_(Bumblebee),,Yes,,
Bubbie's,(209) 951-6071,http://www.bubbies.com/,No,No,Bubbie's,Yes,Yes,No,No
Buchi Kombucha,(828) 484-8229,http://drinkbuchi.com/,No,No,Buchi_Kombucha,No,Yes,,
Buck Mountain,(802) 370-0219,http://www.buckmountainmaple.com/,No,Yes,Buck_Mountain,,No,,
Buenatural,(800) 952-4453,http://www.buenofoods.com,No,No,Buenatural,Yes,Yes,,
Buffalo Guys,(888) 330-8686,http://www.thebuffaloguys.com/,No,Yes,Buffalo_Guys,,Yes,,
Buffalo Peak Ranch,(888) 208-6360,www.buffalopeakranch.com/,Yes,No,Buffalo_Peak_Ranch,No,No,,
Bumble Bee,,http://www.bumblebee.com/,No,Yes,Bumble_Bee,,Yes,Yes,Yes
Burgie's Organics,(920) 349-3154,http://m.burgiesorganics.com/,Yes,No,Burgie's_Organics,No,No,No,Yes
Burgundy Pasture,(817) 866-2247,www.burgundypasturebeef.com,Yes,Yes,Burgundy_Pasture,,Yes,,
Burroughs Family Farms,(209) 874-9400,http://www.burroughsfamilyfarms.com/,No,Yes,Burroughs_Family_Farms,No,Yes,Yes,
Busha Browne's Planters,(876) 906-0347,www.bushabrowne.com,No,Yes,Busha_Browne's_Planters,,Yes,,
Butterworks,(802) 744-6855,http://www.butterworksfarm.com/,No,Yes,Butterworks,,Yes,,
Cada Dia Cheese,(541) 788-7723,http://www.cadadiacheese.com/,Yes,No,Cada_Dia_Cheese,No,No,,
Cafix,(973) 338-1499,http://www.cafix.com/,No,Yes,Cafix,,Yes,No,Yes
Caldwell,(819) 849-2000,http://www.caldwellbiofermentation.com/,Yes,Yes,Caldwell,No,No,,
California Olive Ranch,(530) 846-8000,http://www.californiaoliveranch.com/,Yes,Yes,California Olive Ranch,,Yes,,
Camelina Gold,(406) 396-1420,http://camelinagold.com/,No,Yes,Camelina_Gold,No,Yes,,
Canal Junction,(419) 399-2350,http://www.cjgrassfed.com/,Yes,No,Canal_Junction,No,No,,
Capay Canyon Ranch,(530) 662-2372,http://capaycanyonranch.com/,No,No,Capay_Canyon_Ranch,No,Yes,,
Cape Cleare,(360) 385-7486,http://www.capecleare.com/,No,No,Cape_Cleare,No,Yes,,
Capital Kombucha,(617) 755-0801,http://www.capitalkombucha.com,No,No,Capital_Kombucha,No,Yes,No,No
Carlson,(888) 234-5656,http://www.carlsonlabs.com/,Yes,Yes,Carlson,,Yes,No,No
Carlton Farms,(570) 396-0886,,Yes,No,Carlton_Farms,No,No,Yes,No
Carrell Farms,,http://www.carrellfarms.com/,No,Yes,Carrell_Farms,No,No,,
Carrington Farms,(800) 505-9546,http://www.carringtonfarms.com/,Yes,Yes,Carrington_Farms,,Yes,No,No
Casa Barranca,(805) 640-1255,http://www.casabarranca.com/,Yes,Yes,Casa_Barranca,,No,No,No
Casa Rosa Farms,,http://www.casarosafarm.com,No,Yes,Casa_Rosa_Farms,Yes,Yes,No,No
Cascadian Farms,(1800) 624-4123,http://www.cascadianfarm.com/,No,Yes,Cascadian_Farms,Yes,Yes,No,No
Castle Rock Organic Farms,(715) 597-0085,http://www.castlerockfarms.net/,Yes,Yes,Castle_Rock_Organic_Farms,,Yes,No,No
Cato Corner Farm,(860) 537-3884,http://www.catocornerfarm.com/,Yes,Yes,Cato_Corner_Farm,,No,No,No
Caveman Foods,(610) 240-4810,http://www.cavemanfoods.com/,Yes,Yes,Caveman_Foods,,No,Yes,No
Caw Caw Creek,(803) 250-5803,http://cawcawcreek.com/,Yes,Yes,Caw_Caw_Creek,,Yes,No,No
Cedar Grove Cheese,(800) 200-6020,http://www.cedargrovecheese.com/,Yes,Yes,Cedar_Grove_Cheese,No,Yes,No,No
Cedar River Farms,8007272333,http://cedarriverfarms.com/,No,No,Cedar_River_Farms,No,Yes,Yes,Yes
Cedar Summit Farm,(952) 758-6886,http://www.cedarsummit.com/,No,No,Cedar_Summit_Farm,No,Yes,,
Celtic,(800) 867-7258,http://www.celticseasalt.com/,Yes,Yes,Celtic,,Yes,No,No
Cento,(856) 853-5445,http://www.cento.com/,No,No,Cento,Yes,Yes,Yes,Yes
Century Sun Oil,(866) 810-9902,http://www.centurysunoil.com/,Yes,Yes,Century_Sun_Oil,,Yes,no,no
Chaffin Family Orchards,(530) 533-1676,http://www.chaffinfamilyorchards.com/,No,Yes,Chaffin_Family_Orchards,No,No,No,No
Chapel's Country Creamery Farm,(410) 820-6647,http://chapelscountrycreamery.com/,No,Yes,Chapel's_Country_Creamery_Farm,No,Yes,yes,yes
Chartrand Imports,(207) 594-7300,http://chartrandimports.com/,Yes,No,Chartrand_Imports,No,Yes,No,No
Cherry Grove Farm,(609) 219-0053,http://www.cherrygrovefarm.com/,No,Yes,Cherry_Grove_Farm,,Yes,yes,No
Chimay,,www.chimay.com,No,Yes,Chimay,,Yes,No,No
Chocola Tree,(928) 282-2997,http://chocolatree.com/,No,Yes,Chocola_Tree,,No,Yes,Yes
Choice Organic Teas,(866) 972-6879,http://shop.choiceorganicteas.com/,Yes,Yes,Choice_Organic_Teas,Yes,Yes,No,No
CHR Hansen,(888) 289-2218,http://www.chr-hansen.com,No,No,CHR_Hansen,Yes,No,No,No
Ciao Organics,(845) 363-6253,http://www.ciaoorganics.com/,No,Yes,Ciao_Organics,,Yes,No,No
Citterio,(1800) 435-8888,http://www.citteriousa.com/,No,Yes,Citterio,,Yes,Yes,No
Clancy's,,,No,No,Clancy's,Yes,Yes,No,No
Claravale Dairy,(831) 628-3219,http://claravaledairy.com/,No,No,Claravale_Dairy,No,Yes,No,No
Clif,(1800) 254-3227,http://www.clifbar.com/,Yes,Yes,Clif,,Yes,Yes,No
Clover Cove Ranch,(402) 925-2431,http://www.clovercove.com/,Yes,No,Clover_Cove_Ranch,No,No,Yes,No
Clover Organic Farms,(800) 237-3315,http://cloverstornetta.com/,No,No,Clover_Organic_Farms,No,Yes,No,No
Coco-Amour Foods,(612) 723-7960,http://www.cocoamourfoods.com,Yes,Yes,Coco-Amour_Foods,No,Yes,,
CocoKefir,(877) 499-3033,http://www.cocokefir.com/,No,Yes,CocoKefir,,Yes,No,No
Coconut Oil Supreme,(800) 922-1744,http://www.coconutoil-online.com/,Yes,Yes,Coconut_Oil_Supreme,,No,No,No
Coconut Secret,(888) 369-3393,http://www.coconutsecret.com/,No,Yes,Coconut_Secret,Yes,Yes,Yes,
Cocopura,(877) 787-6457,www.vivapura.com,No,Yes,Cocopura,,Yes,No,No
Colavita,(888) 265-2848,http://www.colavita.com/,No,Yes,Colavita,,Yes,No,No
Cole's,(401) 396-5966,http://www.colestrout.com/sardines.aspx,No,Yes,Cole's,Yes,Yes,No,No
Coleman Natural,(800) 442-8666,http://www.colemannatural.com/,No,No,Coleman_Natural,No,Yes,No,No
Colonial Classics Farmstead Cheese,(740) 945-2079,,Yes,No,Colonial_Classics_Farmstead_Cheese,No,No,,
Colonial Goat Dairy,(717) 768-7492,,Yes,No,Colonial_Goat_Dairy,No,No,,
Colorado Mountain Jam,(970) 464-0745,http://www.plumdaisy.com/,No,Yes,Colorado_Mountain_Jam,No,Yes,,
Columbia Gorge Organic,(541) 354-1066,http://www.cogojuice.com,No,No,Columbia_Gorge_Organic,No,Yes,,
"Continental Sausage, Inc.",(866) 794-7727,http://www.continentalsausage.com/,No,Yes,"Continental_Sausage,_Inc.",,Yes,No,No
Cook Pigs Ranch,,http://www.cookpigs.com/,No,Yes,Cook_Pigs_Ranch,No,No,No,No
Coombs,(888) 266-6271,www.coombsfamilyfarms.com,No,No,Coombs,Yes,Yes,Yes,Yes
Copper Creek Farms,(765) 395-7886,http://www.farmorders.org,Yes,Yes,Copper_Creek_Farms,No,Yes,,
Copper River Fish Market,(907) 253-9453,http://www.copperriverfishmarket.com/,Yes,No,Copper_River_Fish_Market,No,No,No,No
Copper River Seafoods,(907) 522-7806,http://www.copperriverseafoods.com,No,Yes,Copper_River_Seafoods,No,Yes,Yes,No
Coturri Winery,(866) 268-8774,www.coturriwinery.com,Yes,Yes,Coturri_Winery,,No,,
Country Castle,(608) 325-4343,,,Yes,Country_Castle,No,No,No,No
Country Castle,(608) 325-4343,,Yes,No,Country_Castle,No,No,No,No
Country Choice Organic,(952) 829-8824,http://www.countrychoiceorganic.com/,No,Yes,Country_Choice_Organic,,Yes,,
Cowgirl Creamery,(866) 433-7834,http://www.cowgirlcreamery.com/,No,Yes,Cowgirl_Creamery,,Yes,,
Crazy Richard's,(800) 833-3978,http://www.kremaproducts.com/,Yes,Yes,Crazy_Richard's,Yes,Yes,No,No
Creminelli,(801) 428-1820,http://www.creminelli.com/,No,Yes,Creminelli,No,Yes,No,No
"Creminelli Fine Meats, LLC",(801) 428-1820,http://www.creminelli.com/,No,Yes,"Creminelli_Fine_Meats,_LLC",,Yes,,
Cricket Creek Farm,(413) 458-5888,http://cricketcreekfarm.com/,No,No,Cricket_Creek_Farm,No,Yes,No,No
Crofter's,,http://www.croftersorganic.com/,No,Yes,Crofter's,,Yes,No,No
Crown Prince Natural,(800) 447-2524,http://www.crownprince.com/,No,No,Crown_Prince_Natural,Yes,Yes,,
Cruze Farm,(865) 363-0631,http://www.cruzefarmgirl.com/,No,No,Cruze_Farm,No,Yes,,
CultureBiota,,,No,No,CultureBiota,No,No,,
Cultures for Health,(800) 962-1959,www.culturesforhealth.com,Yes,Yes,Cultures_for_Health,,Yes,No,No
Custom Probiotics,(800) 219-8405,www.customprobiotics.com,Yes,Yes,Custom_Probiotics,,No,No,No
D and S Ranches,(559) 847-0444,http://www.almonds-from-california.com,No,Yes,D_and_S_Ranches,No,No,No,No
D'Artagnan,(800) 327-8246,http://www.dartagnan.com/,Yes,Yes,D'Artagnan,,Yes,Yes,No
Dairy Connection,(608) 242-9030,http://www.getculture.com/,Yes,Yes,Dairy_Connection,,No,No,No
Dancing Star,(413) 625-8300,http://chunksofenergy.com/,No,Yes,Dancing_Star,No,Yes,Yes,No
Dandy Blend,(800) 697-4858,www.dandyblend.com,No,Yes,Dandy_Blend,,Yes,,
Danielle,,http://www.daniellechips.com/,No,No,Danielle,Yes,Yes,,
Danisco,,http://www.danisco.com,No,No,Danisco,Yes,No,No,No
Danlac,(403) 948-4644,http://www.danlac.com/,Yes,Yes,Danlac,,No,No,No
Dansk Farms,(407) 965-5551,www.danskfarms.com,No,Yes,Dansk_Farms,,No,,
Dastony,(800) 518-0727,http://www.dastony.com/,Yes,Yes,Dastony,,No,,
Dave's,(888) 454-8862,http://davesalbacore.com,Yes,Yes,Dave's,,No,,
David Wolfe Foods,(805) 870-5756,http://www.longevitywarehouse.com,No,Yes,David_Wolfe_Foods,No,No,No,No
De Nigris,,http://en.acetobalsamico.it/,No,No,De_Nigris,Yes,Yes,No,No
Deck Family Farm,(541) 998-4697,http://www.deckfamilyfarm.com/,No,Yes,Deck_Family_Farm,,Yes,No,No
Deep Sea,,,No,No,Deep_Sea,Yes,Yes,No,No
DeLallo,(800) 433-9100,http://www.delallo.com/,No,Yes,DeLallo,,Yes,,
DeLand Bakery,(386) 734-7553,http://www.delandbakery.com/,Yes,Yes,DeLand_Bakery,,Yes,No,No
DeLouis Fils,,http://www.delouis.com/,No,Yes,DeLouis_Fils,,Yes,,
Devon Cream Company,,https://www.facebook.com/TheDevonCreamCompany,No,No,Devon_Cream_Company,Yes,Yes,No,No
Diestel,(888) 446-2253,http://www.diestelturkey.com/,No,No,Diestel,No,Yes,,
Dietrich's,(610) 756-6344,http://www.dietrichsmeats.com/,Yes,,Dietrich's,,,No,No
Diviana Alchemy,(360) 981-2328,http://www.divianaalchemy.com/,No,Yes,Diviana_Alchemy,,No,,
Divine Organics,(415) 884-4477,http://divineorganics.com,No,Yes,Divine_Organics,Yes,No,,
Doctor Kracker,(972) 633-1100,http://drkracker.com/,No,Yes,Doctor_Kracker,Yes,Yes,No,No
Double Diamond Ranch,(541) 853-2320,http://doublediamondranch.netbiz.com/,Yes,No,Double_Diamond_Ranch,No,No,No,No
Dr. Bronner's,(877) 786-3649,http://www.drbronner.com,Yes,Yes,Dr._Bronner's,,Yes,Yes,Yes
Dr. Cow,(718) 486-5919,http://www.dr-cow.com,No,Yes,Dr._Cow,Yes,Yes,,Yes
Dr. Ron's,(877) 472-8701,http://www.drrons.com,Yes,Yes,Dr._Ron's,,No,No,No
Dr. Tima's,,,No,No,Dr._Tima's,Yes,Yes,Yes,Yes
Dr. Vita,(800) 211-4188,www.drvita.com,Yes,Yes,Dr._Vita,,No,Yes,Yes
Drakes Bay Family Farms,(415) 669-1149,http://www.drakesbayoyster.com,No,No,Drakes_Bay_Family_Farms,No,Yes,No,No
Dream Foods International,(8779) 865-2266,http://www.dreamfoods.com,No,No,Dream_Foods_International,Yes,Yes,Yes,No
Dreaming Cow Creamery,2298592677,http://www.dreamingcow.com/,No,No,Dreaming_Cow_Creamery,No,Yes,No,No
Driftless Organics,(608) 624-3735,http://www.dutchvalleyfoods.com,No,No,Driftless_Organics,No,Yes,Yes,No
Dutch Valley Foods,(800) 733-4191,,No,No,Dutch_Valley_Foods,Yes,Yes,Yes,No
Eagle's Sugar Camp,(540) 396-6126,,Yes,No,Eagle's_Sugar_Camp,No,Yes,No,No
Earth Circle Organics,(877) 922-3663,www.earthcircleorganics.com,Yes,Yes,Earth_Circle_Organics,,No,No,No
Earth Salt,(888) 725-8386,http://earth-salt.com,Yes,No,Earth_Salt,No,No,Yes,No
East of Eden Farms,(828) 713-1538,www.eastofedenfarm.com,Yes,Yes,East_of_Eden_Farms,,Yes,No,No
East Wind Nut Butters,(417) 679-4682,http://eastwindnutbutters.com,No,No,East_Wind_Nut_Butters,Yes,Yes,,
EatRaw,(866) 432-8729,www.eatraw.com,Yes,Yes,EatRaw,,No,Yes,Yes
Ebeehoney.com,(419) 289-6701,http://www.Ebeehoney.com,Yes,Yes,Ebeehoney.com,,No,Yes,
Echire,(1800) 522-8427,www.markys.com,Yes,Yes,Echire,,No,No,No
Echo Falls,(206) 285-6800,http://www.oceanbeauty.com/our-brands-2/echo-falls/,No,No,Echo_Falls,No,Yes,,
Eden Foods,(888) 424-3336,http://www.edenfoods.com,No,Yes,Eden_Foods,No,Yes,No,No
Edward & Sons,(805) 684-8500,http://www.edwardandsons.com/,No,Yes,Edward_&_Sons,,Yes,No,No
Eggland's Best,(800) 922-3447,egglandsbest.com,No,No,Eggland's_Best,No,Yes,Yes,Yes
Einkorn,(208) 557-4351,http://www.einkorn.com,No,Yes,Einkorn,,No,No,No
El Sabroso,(626) 336-7711,http://www.snakking.com/elsabroso.aspx,No,Yes,El_Sabroso,Yes,Yes,,
Eliki,(310) 379-0756,http://www.elikioliveoil.com,Yes,Yes,Eliki,,No,Yes,No
Emerald Cove,(800) 334-5809,great-eastern-sun.com,No,Yes,Emerald_Cove,,Yes,,
Emperor's Kitchen,(800) 334-5809,great-eastern-sun.com,Yes,Yes,Emperor's_Kitchen,,No,No,No
Epic Bar,none,http://www.epicbar.com/,No,Yes,Epic_Bar,No,Yes,No,No
Equal Exchange,(774) 776-7333,equalexchange.coop,Yes,Yes,Equal_Exchange,,No,,
Erivan,(215) 887-2009,erivandairy.com/_,No,Yes,Erivan,,Yes,Yes,Yes
Essential Eating,(570) 586-1557,http://essentialeating.com/,No,Yes,Essential_Eating,,Yes,No,No
Essential Living Foods,(310) 319-1555,http://essentiallivingfoods.com,No,Yes,Essential_Living_Foods,No,Yes,No,No
EVOLve Nuts & Seeds,(603) 475-5095,http://www.willnroses.com,No,Yes,EVOLve_Nuts_&_Seeds,No,Yes,,
Exotic Superfoods,(917) 685-2586,http://www.exoticsuperfoods.com,No,No,Exotic_Superfoods,Yes,No,,
Explore Asian,(888) 208-9471,http://www.explore-asian.com,No,No,Explore_Asian,Yes,Yes,No,No
Fab Ferments,(513) 236-9779,http://fabulousferments.com/,Yes,Yes,Fab_Ferments,No,Yes,No,No
Fabrique Då_lices,(510) 441-9500,http://fabriquedelices.com/,No,Yes,Fabrique_Då_lices,,Yes,No,No
FAGE,(1866) 962-5912,http://www.fageusa.com/,No,Yes,FAGE,,Yes,,
Fairview Farm,(503) 623-4744,http://fairviewfarmdairy.com/,No,No,Fairview_Farm,No,Yes,No,No
Faithful Farm,(217) 336-4036,,Yes,No,Faithful_Farm,No,No,,
Family Cow Farm,(717) 786-0131,,Yes,No,Family_Cow_Farm,No,No,No,No
Farm Fromage,(717) 314-1373,farmfromage.com,Yes,No,Farm_Fromage,No,Yes,,
Farmer to Family,(920) 507-1000,http://www.farmertofamilyorganics.com/,Yes,No,Farmer_to_Family,No,No,No,No
Farmers' Hen House,(319) 683-2206,http://www.farmershenhouse.com/,No,No,Farmers'_Hen_House,No,Yes,No,No
Farmhouse Culture,(831) 466-0499,http://farmhouseculture.com/,No,Yes,Farmhouse_Culture,Yes,Yes,No,No
"Farmstead Fresh, Inc.",(800) 780-7303,http://www.farmsteadfresh.com,Yes,Yes,"Farmstead_Fresh,_Inc.",No,Yes,No,No
Faux Joe,(610) 587-7301,http://www.farmatcoventry.com/,No,Yes,Faux_Joe,,No,No,No
Fayette Creamery,(608) 776-3716,https://www.facebook.com/BrunkowCheese,Yes,No,Fayette_Creamery,No,Yes,,
Fiedler Family Farms,(812) 836-4348,www.fiedlerfamilyfarms.com,Yes,No,Fiedler_Family_Farms,No,No,No,Yes
Field Day,,http://www.fielddayproducts.com,No,Yes,Field_Day,,Yes,,
Fields of Athenry Farm,(703) 926-8444,fieldsofathenryfarm.com,No,Yes,Fields_of_Athenry_Farm,,No,,
Finger Lakes Dexter Creamery,(315) 364-3581,www.kefircheese.com,No,Yes,Finger_Lakes_Dexter_Creamery,,Yes,No,No
Finn Crisp,,http://www.finncrisp.com/,No,Yes,Finn_Crisp,,Yes,No,No
Firefly Kitchens,(206) 436-8399,www.fireflykitchens.com,No,No,Firefly_Kitchens,No,Yes,,
First Field,,http://www.first-field.com/,No,Yes,First_Field,Yes,Yes,No,No
Fishhugger,(602) 286-9233,www.fishhugger.com,Yes,No,Fishhugger,No,No,No,No
Flack Family Farm,(802) 933-7752,www.flackfamilyfarm.com,Yes,No,Flack_Family_Farm,No,Yes,No,No
Flavorganics,8669726879,http://www.flavorganics.com/,Yes,Yes,Flavorganics,No,No,No,No
Flora,(888) 593-8333,http://www.florahealth.com/home_usa.cfm,No,,Flora,Yes,Yes,No,Yes
Flour of Life - Blue Mountain Organics,(540) 745-5040,http://www.bluemountainorganics.com/flouroflife/,No,Yes,Flour_of_Life_-_Blue_Mountain_Organics,Yes,Yes,,
Fluit Family Farms,(541) 432-5071,fluitfamilyfarms.com,Yes,No,Fluit_Family_Farms,No,No,,
Flying Pigs Farm,(518) 854-3844,flyingpigsfarm.com,No,Yes,Flying_Pigs_Farm,,Yes,Yes,
Food for Life,(1800) 797-5090,http://www.foodforlife.com/,No,Yes,Food_for_Life,,Yes,No,No
Foods Alive,(260) 488-4497,www.foodsalive.com,No,Yes,Foods_Alive,,Yes,No,No
Foxhollow Farm,(502) 241-9674,www.foxhollow.com,No,Yes,Foxhollow Farm,,No,No,No
"Frank's Finest, LLC",,http://franksfinestllc.com/wordpress/,No,Yes,"Frank's_Finest,_LLC",No,No,No,No
Frank's RedHot,(1800) 841-1256,http://www.franksredhot.com,No,Yes,Frank's_Red_Hot_Original,,Yes,,
Frenzs,(1877) 777-0613,http://www.frenzs.co.nz/,No,No,Frenzs,No,Yes,,
Frey Vineyards,(707) 485-5177,www.freywine.com,No,Yes,Frey_Vineyards,,Yes,No,No
Fromages.com,,Fromages.com,No,Yes,Fromages.com,,No,No,No
Frontier,(800) 669-3275,http://www.frontiercoop.com,No,Yes,Frontier,,Yes,,
Fruit of the Vine Naturally,,www.fotvn.com/store,No,Yes,Fruit_of_the_Vine_Naturally,,No,,
FruitaBåÙ,(800) 700-9687,http://stretchislandfruit.com/,Yes,Yes,FruitaBåÙ,,Yes,No,No
Full Circle Bison Ranch,(541) 846-1351,www.fullcirclebisonranch.com,Yes,Yes,Full_Circle_Bison_Ranch,,No,Yes,Yes
Funky Monkey,(800) 783-1326,http://www.funkymonkeysnacks.com,Yes,Yes,Funky_Monkey,,Yes,,
Furmano's,(1877) 877-6032,http://www.furmanos.com/,No,No,,Yes,Yes,No,No
Futters,(1877) 772-2155,http://www.futtersnutbutters.com/,No,Yes,Futters,,Yes,No,No
Garden of Life,(800) 622-8986,www.gardenoflife.com/_,No,No,Garden_of_Life,Yes,Yes,No,No
Garden Time Organic,,http://www.gardentimeorganic.com/,No,No,Garden_Time_Organic,Yes,Yes,No,No
Garrick's,,http://www.realsourdoughbreadrecipe.com/,No,Yes,Garrick's,,No,Yes,No
Gary West Meats,(800) 833-1820,http://www.garywest.com,Yes,Yes,Gary_West_Meats,No,No,,
Gelatin Innovations,(800) 442-8263,www.gelatininnovations.com,Yes,Yes,Gelatin_Innovations,,No,Yes,No
GEM Cultures,(253) 588-2922,www.gemcultures.com,No,Yes,GEM_Cultures,,No,No,No
Genmai Life,(800) 475-3663,http://www.goldminenaturalfoods.com,Yes,Yes,Genmai_Life,,Yes,Yes,No
Gerolsteiner,,http://www.gerolsteiner.com/,No,Yes,Gerolsteiner,,Yes,,
GetKombucha.com,(888) 542-4448,www.GetKombucha.com,Yes,Yes,GetKombucha.com,,No,No,No
GF Harvest,(888) 941-9922,http://glutenfreeoats.com/,Yes,Yes,GF_Harvest,,Yes,,
"Gifts of Nature, Inc.",(888) 275-0003,,Yes,Yes,"Gifts_of_Nature,_Inc.",,Yes,No,No
GimMe,,http://www.gimmehealth.com,No,Yes,GimMe,Yes,No,,
Giving Nature,(215) 794-5903,www.givingnaturefoods.com,No,No,Giving_Nature,No,Yes,Yes,No
Glaser Organic Farms,(305) 238-7747,www.glaserorganicfarms.com,Yes,Yes,Glaser_Organic_Farms,No,No,Yes,Yes
Glendale Farm,,https://www.facebook.com/pages/Glendale-Farm-Organic-Grape-Juice/196680167074165,No,No,Glendale_Farm,Yes,Yes,Yes,No
Glengarry Cheesemaking and Dairy Supply Ltd.,(888) 816-0903,glengarrycheesemaking.on.ca,No,Yes,Glengarry_Cheesemaking_and_Dairy_Supply_Ltd.,,No,,
GloryBee Foods,(800) 456-7923,http://www.glorybee.com,No,Yes,GloryBee_Foods,,No,No,No
Go Raw Real Live Food,(650) 962-9299,http://www.goraw.com,No,Yes,Go_Raw_Real_Live_Food,Yes,Yes,,
GoBio!,(519) 853-2958,www.gobiofood.com,No,Yes,GoBio!,,Yes,No,No
Gold Mine,(800) 475-3663,http://www.goldminenaturalfoods.com,No,No,Gold_Mine,Yes,Yes,No,No
Golden Prairie Oats,(970) 897-2505,http://www.goldenprairieoats.com/,No,No,Golden_Prairie_Oats,No,Yes,No,No
Golden Valley,(888) 270-7147,http://goldenvalleynatural.com/,Yes,Yes,Golden_Valley,,No,No,No
Good Earth Farms,(888) 941-4343,www.goodearthfarms.com,No,Yes,Good_Earth_Farms,,No,No,No
Good Health,(336) 698-3590,http://www.goodhealthnaturalproducts.com/,No,No,Good_Health,Yes,Yes,Yes,Yes
Good's Chips,(610) 367-2253,http://www.goodschips.com/,No,Yes,Good's_Chips,Yes,Yes,,
Gopal's,(866) 646-7257,http://gopalshealthfoods.com/,Yes,Yes,Gopal's,Yes,No,No,No
Gourmet Grassfed,(920) 229-9359,gourmetgrassfedmeat.com,Yes,Yes,Gourmet_Grassfed,,No,No,No
Goya,(508) 949-6100,www.goya.com,No,Yes,Goya,,Yes,Yes,No
Grafton Village Cheese,(800) 472-3866,www.graftonvillagecheese.com,No,Yes,Grafton_Village_Cheese,,Yes,No,No
Grainfields,(888) 539-9781,http://www.grainfieldsaustralia.com/US/index.shtml,Yes,No,Grainfields,Yes,No,,
Grainfields,(718) 788-8783,http://www.grainfieldsus.com/,Yes,Yes,Grainfields,No,No,Yes,No
Grandma Utz's,(888) 744-7889,http://www.utzsnacks.com,Yes,Yes,Grandma_Utz's,,Yes,Yes,Yes
Grass Point Farms,(888) 299-8553,,No,Yes,Grass_Point_Farms,No,Yes,,
Grass Run Farms,(563) 277-0052,www.grassrunfarms.com,No,Yes,Grass_Run_Farms,,Yes,No,No
Grassfields LLC,(616) 997-8251,www.grassfieldscheese.com,No,Yes,Grassfields_LLC,No,Yes,Yes,Yes
GrassRoots Meats,(800) 681-2260,grassrootsmeats.com,Yes,Yes,GrassRoots_Meats,,No,,
Grassy Way Organics,(608) 753-2399,,Yes,,Grassy_Way_Organics,No,No,No,Yes
Grateful Harvest,(856) 241-9090,www.gratefulharvest.com,No,No,Grateful_Harvest,No,Yes,No,No
Grazin' Acres,(608) 727-2904,,Yes,No,Grazin'_Acres,No,No,,
Great Eastern Sun,(800) 334-5809,great-eastern-sun.com,Yes,Yes,Great_Eastern_Sun,,No,Yes,No
Great Hill Blue,(888) 748-2208,www.greathillblue.com,No,Yes,Great_Hill_Blue,No,No,No,No
Great Lakes,(800) 232-0328,http://www.greatlakesgelatin.com/consumer/index.php,No,Yes,Great_Lakes,,No,,
Great Lakes Brewing Company,(216) 771-4404,www.greatlakesbrewing.com,No,No,Great_Lakes_Brewing_Company,No,Yes,,
Greater Goods,(520) 792-0804,http://www.shoporganic.com/,No,Yes,Greater_Goods,Yes,No,Yes,Yes
Green Acres Farm,(717) 768-3504,,Yes,No,Green_Acres_Farm,No,Yes,No,Yes
Green Hills Farm,(717) 786-8093,,Yes,No,Green_Hills_Farm,No,Yes,No,No
Green Hills Harvest,(660) 244-5858,,Yes,No,Green_Hills_Harvest,No,No,No,No
Green Pasture,(402) 858-4818,http://www.greenpasture.org,No,Yes,Green_Pasture,,No,Yes,
Grimaud Farms,(800) 466-9955,http://www.grimaudfarms.com,No,Yes,Grimaud_Farms,Yes,Yes,,
Grindstone Bakery,(707) 515-6666,www.grindstonebakery.com,No,Yes,Grindstone_Bakery,,No,No,No
GT's,(877) 735-8423,http://www.synergydrinks.com/,No,No,GT's,Yes,Yes,,
Hail Merry,(877) 455-4046,http://www.hailmerry.com/,No,Yes,Hail_Merry,,Yes,Yes,No
Hain,(1866) 595-8917,http://www.hainpurefoods.com/,No,No,Hain,Yes,Yes,No,No
HalleluYah Honey,(775) 267-1451,http://www.halleluyahhoney.com/en/,Yes,Yes,Halleluyah_Honey,,Yes,Yes,Yes
Handy Pantry Sprouting,(1866) 948-4727,http://www.handypantry.com/,Yes,Yes,Handy_Pantry_Sprouting,No,No,No,No
Happy Girl Kitchen Co.,(831) 373-4475,http://happygirlkitchen.com/,No,Yes,Happy_Girl_Kitchen_Co.,No,Yes,,
Happy Herbalist,(888) 425-8827,www.happyherbalist.com,No,Yes,Happy_Herbalist,,No,No,No
Hardwick Beef,(413) 477-6500,http://www.hardwickbeef.com/,No,Yes,Hardwick_Beef,,Yes,,
Harmless Harvest,,http://www.harmlessharvest.com/,No,No,Harmless_Harvest,Yes,Yes,No,No
Hartzler Family Dairy,(330) 345-8190,www.hartzlerfamilydairy.com/_,No,No,Hartzler_Family_Dairy,No,Yes,,
Harvest Bay,(866) 646-4266,www.harvest-bay.com,No,No,Harvest_Bay,No,Yes,,
Harvest Eating,(864) 492-1499,http://www.harvesteating.com/,No,Yes,Harvest_Eating,No,No,Yes,Yes
Hatcher Family Dairy,(615) 368-3405,http://www.hatcherfamilydairy.studio202.net/,No,No,Hatcher_Family_Dairy,No,Yes,,
Hawthorne Valley Farm,(518) 672-7500,http://hawthornevalleyfarm.org/,Yes,Yes,Hawthorne_Valley_Farm,Yes,Yes,Yes,No
Healing Spirits Herb Farm,(607) 566-2701,www.healingspiritsherbfarm.com,No,Yes,Healing_Spirits_Herb_Farm,,No,No,No
Health Valley,(1866) 595-8917,http://www.healthvalley.com/,Yes,Yes,Health_Valley,No,Yes,,
Health-Ade,(424) 888-3054,http://health-ade.com,No,Yes,Health-Ade,No,Yes,Yes,Yes
Hearst Ranch,(866) 547-2624,www.hearstranch.com,Yes,Yes,Hearst_Ranch,,No,No,No
Heavenly Honey Farm,(253) 232-6483,http://heavenlyhoneyfarm.com/,No,No,,No,No,,
Heavenly Organics,(866) 923-2184,www.heavenlyorganics.com,Yes,Yes,Heavenly_Organics,,Yes,No,No
Hå_naff,,henaff.com,No,No,,Yes,,No,No
Hendricks Farms & Dairy,(267) 382-0556,www.hendricksfarmsanddairy.com,No,No,Hendricks_Farms_&_Dairy,No,No,No,No
Henry & Lisa's,(603) 834-6034,http://www.ecofish.com/,No,No,Henry_&_Lisa's,Yes,Yes,No,No
Heritage Foods USA,(718) 389-0985,www.heritagefoodsusa.com,Yes,Yes,Heritage_Foods_USA,,No,No,Yes
Heritage Grain Conservancy,,http://growseed.org/,No,Yes,Heritage_Grain_Conservancy,,No,,
Hidden Pond Farm,(765) 960-5092,www.hiddenpondllc.com,No,Yes,Hidden_Pond_Farm,,Yes,,
Hidden Springs Creamery,(608) 606-3840,http://hiddenspringscreamery.com,Yes,Yes,,No,Yes,No,No
High Brix Nutrient Dense Foods,(818) 935-9937,http://highnutritionfood.com/,No,Yes,High_Brix_Nutrient_Dense_Foods,No,No,No,No
High Country Kombucha,(970) 328-1827,www.hckombu.com,No,No,High_Country_Kombucha,No,Yes,No,No
High Sierra,(919) 449-3019,http://highsierrabeef.com/,Yes,No,High_Sierra,No,No,,
High Wire Ranch,(970) 835-7600,www.highwireranch.com,Yes,No,High_Wire_Ranch,No,No,Yes,Yes
Higher Power,(877) 684-8763,http://www.higherpower.biz/,Yes,Yes,Higher_Power,No,No,No,No
Highland Sugarworks,(800) 452-4012,http://highlandsugarworks.com/home/,No,No,Highland_Sugarworks,Yes,No,No,No
Hilltop Meadow Farm,(570) 345-3305,,Yes,No,Hilltop_Meadow_Farm,No,Yes,No,No
Hol-Grain,(800) 551-3245,http://conradricemill.com/,No,Yes,Hol-Grain,Yes,Yes,No,No
Homestead Creamery,(540) 721-2045,,No,No,Homestead_Creamery,No,Yes,No,No
Homestead Natural Foods,(208) 880-8923,homesteadnatural.com/_,No,Yes,Homestead_Natural_Foods,,Yes,,
Homesteader's Supply,(928) 583-0254,www.homesteadersupply.com,No,Yes,Homesteader's_Supply,,No,Yes,No
Honest Ade,(800) 865-4736,http://www.honesttea.com/,No,No,Honest_Ade,Yes,Yes,,
Honest Body,(802) 388-2448,http://www.honestbody.com/,No,Yes,Honest_Body,No,No,No,No
Honest Potato Chips,(303) 619-8056,http://www.honestchips.com/,No,Yes,Honest_Potato_Chips,No,Yes,No,No
Honey Gardens Apitherapy,(802) 877-6766,http://www.honeygardens.com/,No,Yes,Honey_Gardens_Apitherapy,,No,No,No
Honey in the Rough,,,No,No,Honey_in_the_Rough,Yes,Yes,No,No
Honey Pacifica,(562) 938-9706,www.honeypacifica.com/,No,Yes,Honey_Pacifica,No,Yes,Yes,Yes
Honey Tea Thyme,,http://www.honeyteathyme.com/,No,Yes,Honey_Tea_Thyme,No,No,No,No
Honeysuckle Acres,(717) 423-6429,,Yes,No,Honeysuckle_Acres,No,No,No,No
Hormel,(1800) 523-4635,http://www.hormel.com/,No,No,Hormel,Yes,Yes,,
Hoskins Berry Farm,(541) 929-4376,http://hoskinsberryfarm.com/,No,Yes,Hoskins_Berry_Farm,,No,No,No
Hutchinson Family Ranch,(402) 273-4574,,Yes,No,Hutchinson_Family_Ranch,No,No,,
Hy-Vee Health Market,,http://www.hy-vee.com/,No,Yes,Hy-Vee_Health_Market,No,Yes,No,No
I Love Blue Sea,(415) 300-0940,www.ilovebluesea.com,No,Yes,I_Love_Blue_Sea,,No,No,No
Immunitrition,(877) 773-9229,http://www.culturedvegetables.net/main.sc,Yes,Yes,Immunitrition,No,No,No,No
Improv'eat,(800) 787-3516,www.improveat.com,No,Yes,Improv'eat,,Yes,,
Inka Crops,(916) 723-1450,http://www.inkacrops.com/por-categoria/8,No,Yes,Inka_Crops,Yes,Yes,No,No
"International Harvest, Inc.",(800) 277-4268,http://internationalharvest.com/,No,Yes,"International_Harvest,_Inc.",No,No,No,No
Iroquois White Corn Project,(585) 742-1361,http://iroquoiswhitecorn.org,Yes,Yes,Iroquois_White_Corn_Project,Yes,Yes,No,No
Isigny Ste Mere,(1800) 522-8427,www.markys.com,Yes,Yes,Isigny_Ste_Mere,,No,No,No
Island Trollers,(877) 253-2761,www.islandtrollers.com,Yes,Yes,Island_Trollers,,No,No,No
It's Alive!,(503) 230-0215,www.itsalivefood.com,No,No,It's_Alive!,No,Yes,Yes,Yes
Izumi,,,No,No,Izumi,Yes,No,No,No
Jack's Nut Butters,(510) 586-4697,http://jacksnutbutters.businesscatalyst.com/index.html,Yes,Yes,Jack's_Nut_Butters,No,No,No,No
Jaffe Bros.,(877) 975-2333,organicfruitsandnuts.com,Yes,Yes,Jaffe_Bros.,,No,Yes,No
James Ranch,(970) 799-0782,http://jamesranch.net/cheese,Yes,No,James_Ranch,No,Yes,No,No
Jana Valley,(201) 866-5001,http://janafoods.com,No,No,Jana_Valley,No,Yes,No,No
Jarrow Formulas,(310) 204-6936,http://www.jarrow.com/,No,No,Jarrow_Formulas,Yes,Yes,,
Jasper Hill Farm,(802) 533-2566,www.cellarsatjasperhill.com,No,Yes,Jasper_Hill_Farm,,Yes,,
"Jedwards International, Inc.",(617) 472-9300,http://www.bulknaturaloils.com,No,Yes,"Jedwards_International,_Inc.",No,Yes,,
JEM,(541) 728-3844,http://www.jemraw.com,No,Yes,JEM,Yes,Yes,,
Jennies,(718) 384-2150,http://www.macaroonking.com/,Yes,Yes,Jennies,No,No,,
Jeremiah Cunningham's World's Best,(512) 285-2556,coyotecreekfarm.org,Yes,No,Jeremiah_Cunningham's_World's_Best,No,Yes,No,No
Jewels of the Earth,(603) 475-5095,http://www.willnroses.com/,No,Yes,Jewels_of_the_Earth,No,No,No,No
Jones Creek,,http://www.jonescreekbeef.com/,No,No,Jones_Creek,No,Yes,,
JoshEWEa's Garden,(262) 468-4400,www.josheweasgarden.com,No,Yes,JoshEWEa's_Garden,,Yes,No,No
Jovial,(877) 642-0644,www.jovialfoods.com,No,Yes,Jovial,Yes,Yes,Yes,Yes
Joyva,(718) 497-0170,http://www.joyva.com/,No,No,Joyva,Yes,Yes,No,No
Julian Bakery,(800) 982-7323,www.julianbakery.com,No,Yes,Julian_Bakery,,Yes,No,No
Julie's,,http://www.juliesorganic.com/,No,No,Julie's,Yes,Yes,Yes,
Jungle Products,,http://www.junglepi.com,No,Yes,Jungle_Products,Yes,Yes,No,No
"Just Tomatoes, Etc.",(800) 537-1985,www.justtomatoes.com,Yes,Yes,"Just_Tomatoes,_Etc.",,Yes,Yes,
Justin's,(303) 449-9559,http://www.justins.com/,No,Yes,Justin's,No,Yes,,
Kahiltna Birchworks,(800) 380-7457,www.alaskabirchsyrup.com/_,Yes,Yes,Kahiltna_Birchworks,,No,Yes,Yes
Kalona SuperNatural,(319) 656-4220,www.kalonasupernatural.com,No,No,Kalona_SuperNatural,Yes,Yes,Yes,Yes
Kame,,http://www.kame.com/,No,No,Kame,Yes,Yes,No,No
Kamut Brand,(406) 251-9418,http://www.kamut.com/,No,No,Kamut_Brand,Yes,Yes,,
Kasandrinos,(888) 316-1716,www.kasandrinos.com,No,Yes,Kasandrinos,,No,No,No
Katalyst Kombucha,(413) 773-9700,www.katalystkombucha.com,No,Yes,Katalyst_Kombucha,,Yes,No,Yes
Kavli,,http://www.kavli.com/en/companies/international/Pages/Products.aspx,No,No,Kavli,Yes,Yes,No,No
Kelapo,(800) 230-5952,www.kelapo.com,No,Yes,Kelapo,,Yes,Yes,No
Kenny's Farmhouse Cheese,(888) 571-4029,http://www.kennyscountrycheese.com/,No,Yes,Kenny's_Farmhouse_Cheese,Yes,Yes,No,No
Kerrygold,,kerrygoldusa.com,No,No,Kerrygold,Yes,Yes,Yes,No
Keswick Creamery,(717) 440-4652,keswickcreamery.com,No,No,Keswick_Creamery,No,Yes,No,No
KeVita,(888) 310-6106,kevita.com/_,No,No,KeVita,No,Yes,,
Kickapoo Gold,(866) 290-8280,http://kickapoogold.net/,No,Yes,Kickapoo_Gold,No,Yes,Yes,No
King Arthur,(800) 827-6836,http://www.kingarthurflour.com,No,Yes,King_Arthur,,Yes,No,No
King Oscar,,www.kingoscar.com/_,No,No,King_Oscar,Yes,Yes,,
King's,,www.kingsasian.com,No,No,King's,No,Yes,,
Kirkland,,,No,No,Kirkland,No,Yes,,
Klamath Blue-Green,,,No,No,Klamath_Blue-Green,Yes,No,,
KOL Foods,(888) 366-3565,www.kolfoods.com,No,Yes,KOL_Foods,,No,,
Kombucha Kamp,(424) 245-5867,http://www.kombuchakamp.com/,Yes,Yes,Kombucha_Kamp,,No,,
Koyo,,http://www.koyonaturalfoods.com/rice_chips.aspx,No,No,Koyo,Yes,Yes,,
Krinos,,http://www.krinos.com,No,No,Krinos,Yes,Yes,,
Kristens,(402) 374-1546,http://www.kristyskitchen.com/,No,Yes,Kristens,No,Yes,No,No
La Cense Beef,(866) 442-2333,www.lacensebeef.com,Yes,Yes,La_Cense_Beef,,No,Yes,Yes
La Quercia,(515) 981-1625,laquercia.us,No,No,La_Quercia,Yes,Yes,Yes,
La Rocca Vineyards,(800) 808-9463,www.laroccavineyards.com,Yes,No,La_Rocca_Vineyards,Yes,Yes,No,No
La Vigne Organics,(760) 723-9997,www.lavignefruits.com,No,Yes,La_Vigne_Organics,Yes,Yes,No,No
Lakewood Organic Juices,(866) 324-5900,http://www.lakewoodjuices.com/,No,No,Lakewood_Organic_Juices,Yes,Yes,,
Lamb Shoppe,(320) 587-6094,http://lambshoppe.com/,No,No,Lamb_Shoppe,No,No,No,No
Larabar,(877) 527-2227,www.larabar.com,No,No,Larabar,Yes,Yes,No,No
Larga Vista Ranch,(719) 947-0982,www.largavistaranch.com/_,Yes,No,Larga_Vista_Ranch,No,No,No,No
Lasater Grasslands Beef,(866) 454-2333,www.lgbeef.com,Yes,Yes,Lasater_Grasslands_Beef,,No,,
Laurel Valley Creamery,(740) 245-9044,http://laurelvalleycreamery.com/site/#/home/,Yes,Yes,Laurel_Valley_Creamery,No,Yes,No,No
Laurel Valley Creamery,,http://laurelvalleycreamery.com/site/,No,No,LaurelÌ_ValleyÌ_Creamery,No,Yes,No,No
Le Pain Quotidien,(212) 359-9000,http://www.lepainquotidien.us/,No,Yes,Le_Pain_Quotidien,No,Yes,No,No
Leelanau,(231) 929-7471,http://www.artmeetsearth.org/LCV/products.html,No,Yes,Leelanau,No,No,Yes,No
LeRaysville,(1800) 859-5196,www.leraysvillecheese.com,Yes,Yes,LeRaysville,No,Yes,No,No
Les Moulins Mahjoub,,http://www.moulinsmahjoub.com/english/proda.htm,No,No,Les_Moulins_Mahjoub,Yes,No,No,No
Les Trois Petits Cochons,(1800) 537-7283,www.3pigs.com/_,No,No,Les_Trois_Petits_Cochons,Yes,Yes,No,No
Let's be Frank,(888) 233-7365,www.letsbefrankdogs.com,No,Yes,Let's_be_Frank,,Yes,,
Let's Do...Organic,(805) 684-8500,http://www.edwardandsons.com,No,Yes,Let's_Do...Organic,,Yes,,
Lewes Dairy,(302) 645-6281,www.lewesdairy.com,No,No,Lewes_Dairy,No,Yes,,
Libby's Meats,,http://www.conagrafoods.com/our-food/brands/libbys-canned-meats,No,No,Libby's_Meats,Yes,Yes,No,No
Liberty Ducks,(800) 953-8257,www.libertyducks.com,Yes,No,Liberty_Ducks,No,No,No,No
Life-Enhancing Acres,(717) 768-7848,,Yes,No,Life-Enhancing_Acres,No,No,Yes,
Lifeway,(877) 281-3874,http://www.lifeway.net/,No,Yes,Lifeway,No,Yes,No,No
Lil' Ponderosa Enterprises,(717) 245-2820,www.lilponderosabeef.com,No,Yes,Lil'_Ponderosa_Enterprises,,No,,
Lily's,,https://www.facebook.com/pages/Lilys-Eggs/96837611329,No,No,Lily's,No,Yes,No,No
Lima,,http://www.limafood.com/,No,No,Lima,Yes,Yes,No,No
Live Superfoods,(800) 481-5074,livesuperfoods.com,Yes,Yes,Live_Superfoods,,No,,
Livin' Spoonful,(503) 230-8484,livinspoonful.com,No,Yes,Livin'_Spoonful,,No,,
Living Honey,(801) 368-3870,http://www.livinghoney.biz/honey-store.html,No,Yes,Living_Honey,,No,,
Living Intentions,(415) 824-5483,www.livingintentions.com,No,Yes,Living_Intentions,,No,No,No
Living Nutz,(207) 780-1101,www.livingnutz.com,No,Yes,Living_Nutz,,No,,
Living Tree Community Foods,(800) 260-5534,www.livingtreecommunity.com,No,Yes,Living_Tree_Community_Foods,No,No,Yes,Yes
Loki Fish Co.,(206) 937-1048,www.lokifish.com,Yes,Yes,Loki_Fish_Co.,,Yes,Yes,
Longhorns Head To Tail,(740) 758-5050,www.head2tail.com,Yes,Yes,Longhorns_Head_To_Tail,,No,Yes,
Loriva,(973) 338-1499,http://internaturalfoods.com/brands/loriva-culinary-oils.html,No,Yes,Loriva,Yes,Yes,No,No
Los Pericos,(909) 623-5625,http://www.lospericosfood.com/lp_products.html,No,No,Los_Pericos,Yes,Yes,No,No
Lotus Foods,(866) 972-6879,http://www.lotusfoods.com/,No,Yes,Lotus_Foods,,Yes,,
Lou's Famous,(877) 467-2331,www.lousnaturals.com,No,Yes,Lou's_Famous,,Yes,,
Louise's,,louisesfoods.com,No,Yes,Louise's,,Yes,No,No
Love Raw Foods - Blue Mountain Organics,(540) 745-5040,http://bluemountainorganics.com/loverawfoods/,No,Yes,Love_Raw_Foods_-_Blue_Mountain_Organics,Yes,Yes,,
LoveTree Farmstead,(715) 488-2966,http://www.lovetreefarmstead.com,Yes,Yes,LoveTree_Farmstead,,No,,
Lucini Italia,(800) 509-8491,http://www.lucini.com/,No,Yes,Lucini_Italia,,Yes,No,No
Lummi Island Wild Co-op,,http://www.lummiislandwild.com/,No,Yes,Lummi_Island_Wild_Co-op,No,No,No,No
Lundberg Family Farms,(530) 538-3500,http://www.lundberg.com/,No,No,Lundberg_Family_Farms,Yes,Yes,No,No
Lupa's Kitchen,(470) 375-4654,http://lupaskitchen.com/,No,No,Lupa's_Kitchen,No,Yes,No,No
Lydia's Organics,(707) 792-5300,http://www.lydiasorganics.com,No,No,Lydia's_Organics,Yes,Yes,No,No
Made In Nature,(800) 906-7426,http://www.madeinnature.com,No,Yes,Made_In_Nature,Yes,Yes,Yes,No
Madhava,(800) 530-2900,http://www.madhavasweeteners.com/,No,No,Madhava,Yes,Yes,,
Mae Ploy,,,No,No,Mae_Ploy,Yes,Yes,No,No
Maine Coast Sea Vegetables,(207) 565-2907,www.seaveg.com,Yes,Yes,Maine_Coast_Sea_Vegetables,,No,Yes,No
Maine Seaweed Company,(207) 546-2875,http://www.theseaweedman.com/,Yes,Yes,Maine_Seaweed_Company,,No,No,No
Maldon,,http://www.maldonsalt.co.uk/,No,No,Maldon,Yes,Yes,No,No
Manna Organics,(630) 795-0500,http://www.mannaorganicbakery.com/,No,Yes,Manna_Organics,,Yes,No,No
Many Hands Organic Farm,(978) 355-2853,http://mhof.net,No,No,Many_Hands_Organic_Farm,No,No,,
Maple Hill Creamery,(518) 758-7777,http://www.maplehillcreamery.com,No,No,Maple_Hill_Creamery,No,Yes,,
Maple Hill Farm,(800) 543-5379,http://maplehillfarms.biz,No,Yes,Maple_Hill_Farm,,No,,
Maple Syrup Producers' Cooperative,(819) 362-3241,http://www.citadelle-camp.coop,No,Yes,Maple_Syrup_Producers'_Cooperative,,Yes,,
Maple Valley,(800) 760-1449,http://www.maplevalleysyrup.coop,No,Yes,Maple_Valley,,Yes,No,No
MaraNatha,,,,,,,,Yes,No
Marilyn Jarzembski,(419) 237-3095,http://www.kefirlady.com,Yes,No,Marilyn_Jarzembski,No,No,Yes,
Marinella,(732) 364-1724,http://www.sanmarzanoimports.com/,Yes,Yes,Marinella,,No,No,No
Market Pantry,(800) 440-0680,http://www.target.com/c/market-pantry-brand-shop/-/N-5d90z,No,Yes,Market_Pantry,,Yes,Yes,Yes
Marky's,(800) 522-8427,http://www.markys.com,Yes,Yes,Marky's,,No,No,No
Marshall's Farm Natural Honey,(800) 624-4637,www.marshallshoney.com,Yes,Yes,Marshall's_Farm_Natural_Honey,,Yes,Yes,Yes
Marx Foods,(866) 588-6279,http://www.marxfoods.com/,Yes,Yes,Marx_Foods,,No,No,No
Mary Jane's Farm,(888) 750-6004,http://www.maryjanesfarm.org,Yes,Yes,Mary_Jane's_Farm,,No,,
Mary's,(888) 666-8244,http://www.marysturkeys.com,Yes,No,Mary's,Yes,Yes,No,No
Mary's Gone Crackers,(925) 258-1200,http://www.marysgonecrackers.com/,No,Yes,Mary's_Gone_Crackers,,Yes,Yes,
Mascavo,(800) 656-3668,http://www.matefactor.com,No,Yes,Mascavo,,No,No,No
Massa Organics,(530) 519-8628,http://www.massaorganics.com/,No,Yes,Massa_Organics,,No,,
Matt's Munchies,(888) 718-1860,http://www.chefrobertsdirect.com/,No,Yes,Matt's_Munchies,,Yes,,
Matyah's,(866) 634-3336,http://www.matyah.com/,Yes,No,Matyah's,No,No,,
Mauk Family Farm,(714) 547-7977,maukfamilyfarms.com,Yes,Yes,Mauk_Family_Farm,,No,,
McCann's,(866) 958-6287,http://www.mccanns.ie/,No,No,McCann's,Yes,Yes,Yes,Yes
McCormick Gourmet Collection,(800) 632-5847,http://www.mccormickgourmet.com/,No,,McCormick_Gourmet_Collection,Yes,Yes,No,No
McEvoy Ranch,(866) 617-6779,http://www.mcevoyranch.com/,No,Yes,McEvoy_Ranch,,Yes,No,No
McIlhenny Co. Tabasco,(800) 634-9599,http://www.tabasco.com,No,Yes,McIlhenny_Co._Tabasco,,Yes,,
Meadow Creek Dairy,(888) 236-0622,http://www.meadowcreekdairy.com,No,No,Meadow_Creek_Dairy,No,Yes,,
Meadow Made Farm,(330) 674-1289,,Yes,No,Meadow_Made_Farm,No,No,No,No
Meadow Raised,(315) 829-5437,http://www.meadowraisedmeats.com/,No,Yes,Meadow_Raised,,No,No,No
Meadow Ridge Farm,(717) 530-5999,,Yes,No,Meadow_Ridge_Farm,Yes,No,No,No
Meadowview Jerseys,(717) 656-2261,,Yes,No,Meadowview_Jerseys,No,No,,
Mediterranean Organic,,http://www.mediterraneanorganic.com/,No,Yes,Mediterranean_Organic,,Yes,No,No
Megumi,(707) 827-1788,http://www.meguminatto.com/,No,Yes,Megumi,,Yes,Yes,No
Merchants & Millers,(707) 799-2888,http://merchantsandmillers.com/,No,Yes,Merchants_&_Millers,No,Yes,No,No
Mercola,(877) 985-2695,http://www.mercola.com/,Yes,Yes,Mercola,,No,No,No
Mestiza,(480) 639-0652,http://www.mestizacocosugar.com,Yes,No,Mestiza,No,No,No,No
Mi Rancho Tortilla Factory,(707) 584-8385,http://www.miranchoretail.com/,Yes,No,Mi_Rancho_Tortilla_Factory,No,No,No,No
Middle Earth,,,No,No,Middle_Earth,Yes,No,No,No
Mighty Leaf Tea Company,(877) 698-5323,http://www.mightyleaf.com/,No,Yes,Mighty_Leaf_Tea_Company,,Yes,,
Miller's Organic Farm,(717) 556-0672,http://millersorganicfarm.com/,Yes,No,Miller's_Organic_Farm,Yes,No,,
Minerva Dairy,(330) 868-4196,www.minervadairy.com/,No,Yes,Minerva_Dairy,,No,,
Minsley,(909) 458-1100,http://www.minsley.com,No,No,Minsley,Yes,Yes,,
Mint Creek Farm,(815) 256-2202,http://mintcreekfarm.com/,No,Yes,Mint_Creek_Farm,,Yes,No,No
Miso Master,(800) 334-5809,great-eastern-sun.com,No,Yes,Miso_Master,,Yes,No,No
Misty Creek Goat Dairy,(717) 656-4628,,Yes,No,Misty_Creek_Goat_Dairy,Yes,Yes,,
Mitoku,(800) 324-1878,http://www.mitoku.com/,Yes,No,Mitoku,Yes,Yes,No,No
Moonwise Herbs,(920) 452-4372,http://www.moonwiseherbs.com,No,Yes,Moonwise_Herbs,,No,No,No
More Than Gourmet,(800) 860-9385,http://www.morethangourmet.com,No,Yes,More_Than_Gourmet,Yes,No,No,No
Morse's,(866) 832-5569,http://www.morsessauerkraut.com,No,No,Morse's,No,No,,
Morton & Bassett Spices,(866) 972-6879,http://www.mortonbassett.com/,Yes,Yes,Morton_&_Bassett,,Yes,No,No
Mosefund Farm,(253) 833-7591,http://woolypigs.com/,Yes,Yes,Wooly_Pigs,,No,,
Mother Linda's,,www.motherlindas.com,No,Yes,Mother_Linda's,,No,,
Mountain Organic Foods,(925) 377-0119,,No,No,Bear_(Mountain_Organic_Foods),No,Yes,Yes,No
Mountain Rose Herbs,(800) 879-3337,http://www.mountainroseherbs.com/,Yes,Yes,Mountain_Rose_Herbs,,No,No,No
Mountain View Dairy,(315) 858-0536,,Yes,No,Mountain_View_Dairy,No,Yes,,
Mrs Leeper's,,http://mrsleepers.com,No,No,Mrs_Leeper's,Yes,Yes,No,No
Mrs. May's,(310) 830-3130,http://mrsmays.com/,No,No,Mrs._May's,Yes,Yes,Yes,
Mrs. Nisley's,(330) 893-2734,,Yes,No,Mrs._Nisley's,,Yes,No,No
Mt. Sterling,(866) 289-4628,http://buymtsterlinggoatcheese.com/,Yes,Yes,Mt._Sterling,,No,,
Mumm's Sprouting Seeds,(306) 747-2935,sprouting.com,No,Yes,Mumm's_Sprouting_Seeds,,Yes,,
MW Polar Foods,(888) 496-9187,http://www.mwpolar.com/salmon.html,No,No,MW_Polar_Foods,Yes,Yes,,
Naked,(877) 858-4237,http://www.nakedjuice.com/,No,No,Naked,Yes,Yes,,
Nana's Cocina (Abuelita Mexican Foods),(703) 369-0232,http://www.abuelita.com,No,No,Nana's_Cocina_(Abuelita_Mexican_Foods),No,Yes,,
Napa Valley Naturals,(866) 972-6879,http://www.napavalleynaturals.com/,Yes,Yes,Napa_Valley_Naturals,,Yes,No,No
Narvon Natural Acres,(717) 768-3263,,Yes,No,Narvon_Natural_Acres,No,No,Yes,Yes
Nash Brothers Trading Company,,http://www.nashbrotherstrading.com/,No,Yes,Nash_Brothers_Trading_Company,,Yes,No,No
Native Forest (Edward and Son's),(805) 684-8500,http://www.edwardandsons.com,No,Yes,Native_Forest_(Edward_and_Son's),,Yes,,
Natren,(866) 462-8736,http://www.natren.com,Yes,Yes,Natren,,Yes,,
Natural by Nature,(610) 268-6962,http://www.natural-by-nature.com/,No,No,Natural_by_Nature,No,Yes,,
Natural Choice,(805) 485-1127,,No,No,Natural_Choice,Yes,Yes,Yes,No
Natural Health Advocates,(888) 257-8775,http://www.building-health.com,No,Yes,Natural_Health_Advocates,,No,No,No
Natural Lifestyle,(800) 752-2775,http://natural-lifestyle.com/,Yes,Yes,Natural_Lifestyle,No,No,No,No
Natural Rush,,,No,No,Natural_Rush,Yes,Yes,Yes,Yes
Natural Sea,,,No,No,Natural_Sea,Yes,Yes,No,No
Natural Valley,(319) 656-4220,http://www.kalonaorganics.com/our_nvcheese.html,No,No,Natural_Valley,No,Yes,No,No
Natural Value,(916) 427-7242,http://www.naturalvalue.com/,No,No,Natural_Value,Yes,Yes,,
Natural Zing,(301) 703-4116,www.naturalzing.com,Yes,Yes,Natural_Zing,,No,No,No
Nature Factor,(805) 684-8500,http://www.edwardandsons.com/nfact_shop_coconutwater.itml,No,Yes,Nature_Factor,Yes,Yes,Yes,Yes
Nature's All Foods,,http://www.naturesallfoods.com/,No,Yes,Nature's_All_Foods,Yes,Yes,No,No
Nature's Answer,(1800) 439-2324,http://www.naturesanswer.com/,Yes,Yes,Nature's_Answer,Yes,Yes,,
Nature's Approved,(914) 428-6800,www.naturesapproved.com,No,Yes,Nature's_Approved,,No,Yes,Yes
Nature's Blessings,(626) 935-0770,http://www.naturesblessings.com.ph/,No,Yes,Nature's Blessings,No,Yes,,
Nature's Cargo,(888) 725-8386,www.naturescargo.ca,Yes,Yes,Nature's_Cargo,,No,No,No
Nature's Flavors,(714) 744-3700,www.naturesflavors.com,Yes,Yes,Nature's_Flavors,,No,No,No
Nature's Sunlight Farm,(717) 776-3417,,Yes,No,Nature's_Sunlight_Farm,No,No,,
Nature's Way,(800) 962-8873,http://www.naturesway.com/Home.aspx,No,No,Nature's_Way,Yes,Yes,Yes,No
Naturespirit Herbs,(541) 846-7995,http://www.naturespiritherbs.com,Yes,No,Naturespirit_Herbs,No,No,No,No
Navitas Naturals,(888) 645-4282,http://navitasnaturals.com/,No,Yes,Navitas_Naturals,,Yes,,
Neese's,(800) 632-1010,http://www.neesesausage.com,No,Yes,Neese's,,No,,
Nevermore Farm,(530) 574-3597,http://www.nevermorefarm.com/,Yes,No,Nevermore_Farm,No,No,Yes,Yes
New Earth,(512) 354-1140,http://www.newearthcenter.com,Yes,Yes,New_Earth,,No,No,No
New England Cheesemaking Supply,(413) 628-3808,http://www.cheesemaking.com/,Yes,Yes,New_England_Cheesemaking_Supply,,No,,
Ney's Big Sky,(414) 254-2664,http://www.neysbigsky.com/,Yes,Yes,Ney's_Big_Sky,,No,No,No
Nick's Natural Nook,,http://stores.ebay.com/Nicks-Natural-Nook,No,Yes,Nick's_Natural_Nook,No,No,No,No
Nikki's Coconut Butter,,http://www.nikkiscoconutbutter.com/,No,Yes,Nikki's_Coconut_Butter,No,No,,
Niman Ranch,,http://www.nimanranch.com/Index.aspx,No,Yes,Niman_Ranch,No,Yes,No,No
Nittany Valley Organics,(570) 726-7799,,Yes,No,Nittany_Valley_Organics,Yes,Yes,No,No
NoGii,(800) 447-4795,http://www.nogii.com,No,Yes,NoGii,Yes,Yes,,
Noirmoutier,,,No,No,Noirmoutier,Yes,Yes,Yes,No
NoniLand,(805) 870-5756,http://www.longevitywarehouse.com/,Yes,Yes,NoniLand,Yes,No,No,No
Northeast Family Farms,(800) 777-2648,http://www.northeastfamilyfarms.com/,Yes,No,Northeast_Family_Farms,No,No,,
Northstar Bison,(888) 295-6332,http://www.northstarbison.com/,Yes,Yes,Northstar,,Yes,No,No
NOW Foods,(888) 669-3663,http://www.nowfoods.com/,No,No,NOW_Foods,Yes,Yes,,
NSI,(800) 669-8877,http://nutraceutical.com/,No,No,NSI,Yes,Yes,No,No
Nueske's,(800) 392-2266,www.nueskes.com,Yes,Yes,Nueske's,,Yes,No,No
NåÏåÐez de Prado,,http://www.deprado.eu/,No,No,NåÏåÐez_de_Prado,Yes,Yes,,
Nutiva,(800) 993-4367,http://nutiva.com/,Yes,Yes,Nutiva,,Yes,No,No
Nuts.com,(800) 558-6887,nuts.com,Yes,Yes,Nuts.com,,No,No,No
NuttZo,(888) 325-0553,https://gonuttzo.com,No,Yes,NuttZo,Yes,Yes,No,No
O Bread Bakery,(802) 985-8771,http://www.obread.com/,No,No,O_Bread_Bakery,No,Yes,No,No
O.N.E.,,www.onedrinks.com/_,No,Yes,O.N.E.,Yes,Yes,,
Oaklyn Plantation,(843) 395-0793,http://www.freerangechicken.com/,Yes,Yes,Oaklyn_Plantation,,No,No,Yes
Oasis at Bird-in-Hand,(717) 288-2154,http://www.reallivefood.org,Yes,Yes,Oasis_at_Bird-in-Hand,No,Yes,Yes,Yes
Officer,,,No,No,Officer,Yes,Yes,Yes,Yes
Ohsawa,(800) 475-3663,goldminenaturalfoods.com,No,Yes,Ohsawa,No,Yes,No,
Ojio,(800) 728-2066,http://myojio.com/,No,Yes,Ojio,,Yes,,
Okonatur,(888) 963-9540,http://www.organicsoverseas.com/,Yes,Yes,Okonatur,,No,,
Old Chatham,(1888) 743-3760,http://www.blacksheepcheese.com/,No,Yes,Old_Chatham,No,Yes,,
Olea Estates,(636) 405-1960,http://www.oleaestates.com/,Yes,Yes,Olea_Estates,,Yes,,
OliFlix,(855) 654-3549,http://oliflixus.com/,No,Yes,,No,No,,
Olio Beato,(888) 421-6546,http://www.organicoil.com/,No,Yes,Olio_Beato,,No,Yes,Yes
Oliver Farms,(810) 793-7289,http://www.oliverfarms.com/,Yes,No,Oliver_Farms,No,Yes,,
Olli Salumeria,(877) 655-4937,www.olli.com,No,No,Olli_Salumeria,Yes,Yes,No,No
Omega Nutrition,(800) 661-3529,http://www.omeganutrition.com/,No,Yes,Omega_Nutrition,,No,,
Once Again,(888) 800-8075,https://www.onceagainnutbutter.com,No,Yes,Once_Again,Yes,Yes,No,No
One Degree Organic Foods,(855) 834-2642,http://onedegreeorganics.com/,No,No,One_Degree_Organic_Foods,No,Yes,No,No
Optimally Organic,(888) 211-4263,http://www.optimallyorganic.net/,Yes,Yes,Optimally_Organic,,No,No,No
Orca Bay Seafoods,(800) 932-6722,www.orcabayseafoods.com,No,Yes,Orca_Bay_Seafoods,Yes,Yes,Yes,
Orchard Hill Breadworks,(603) 835-7845,http://orchardhillbreadworks.com,No,No,Orchard_Hill_Breadworks,No,Yes,No,No
Oregon's Choice,(877) 289-8862,www.oregonschoice.com,Yes,Yes,Oregon's_Choice,,No,No,No
Organic Pastures,(877) 729-6455,http://www.organicpastures.com/,Yes,No,Organic_Pastures,No,Yes,,
Organic Prairie,(877) 662-6328,http://www.organicprairie.com,Yes,Yes,Organic_Prairie,,Yes,No,No
Organic Traditions,8003041497,https://www.facebook.com/organictraditionsofficial,No,No,Organic_Traditions,Yes,No,No,No
Organic Valley,(888) 444-6455,http://www.organicvalley.coop/,No,No,Organic_Valley,Yes,Yes,No,No
Organic Wine Company,(888) 326-9463,http://www.theorganicwinecompany.com/,Yes,Yes,Organic_Wine_Company,,No,No,No
Organicville,,http://organicvillefoods.com,No,Yes,Organicville,Yes,Yes,No,No
original himalayan crystal salt,(888) 668-3661,http://www.himalayancrystalsalt.com/,No,Yes,original_himalayan_crystal_salt,Yes,Yes,No,No
Original Living Coconut,(800) 906-3064,http://originallivingcoconut.com,No,Yes,Original_Living_Coconut,,No,,
Orleans Coffee Exchange,(504) 827-0878,www.orleanscoffee.com,Yes,Yes,Orleans_Coffee_Exchange,,Yes,No,No
Ortega,,http://www.ortega.com/,No,No,Ortega,Yes,Yes,Yes,No
Oscar Mayer Selects,(877) 535-5666,http://www.kraftbrands.com/oscarmayer/,No,No,Oscar_Mayer_Selects,Yes,Yes,No,No
Oskri,(920) 648-8300,http://www.oskri.com/,No,Yes,Oskri,,Yes,No,No
Oswald Cattle Company,(719) 942-4361,http://www.oswaldgrassfedbeef.com,Yes,No,Oswald_Cattle_Company,No,No,Yes,Yes
Otolith Sustainable Seafood,(215) 426-4266,www.otolithonline.com,Yes,No,Otolith_Sustainable_Seafood,No,No,No,No
Oyler's Organic Farms,(717) 677-8411,http://www.oylersorganicfarms.com/,No,Yes,Oyler's_Organic_Farms,No,No,,
P. A. Bowen Farmstead,(301) 579-2727,pabowenfarmstead.com,Yes,,P._A._Bowen_Farmstead,No,Yes,No,No
P.A. Tropical Products,(718) 763-5888,,No,No,P.A._Tropical_Products,No,Yes,No,No
Page River Bottom Farm,(559) 638-3124,http://www.pageriverbottomfarm.com/,Yes,No,Page_River_Bottom_Farm,No,No,,
PaiDom Meats,(806) 945-2473,www.paidom.com/,No,Yes,PaiDom_Meats,,No,No,
Palacios Autentico,,,No,No,Palacios_Autentico,Yes,Yes,,
Paleo Treats,,http://www.paleotreats.com/,No,Yes,Paleo_Treats,No,No,,
Pangaia,(808) 965-9988,http://pangaiapantree.com/,No,Yes,Pangaia,,No,No,No
Paradise Pastures,(717) 687-8576,,Yes,No,Paradise_Pastures,Yes,No,No,No
Park's,,,No,No,Park's,Yes,Yes,Yes,No
Pastene,(888) 727-8363,http://www.pastene.com/,No,Yes,Pastene,,Yes,No,No
Pasture Prime Family Farm,(352) 266-9504,http://www.pastureprimewagyu.com/,Yes,Yes,Pasture_Prime_Family_Farm,,No,Yes,No
Pasture Verde,(877) 455-3063,http://www.vitalfarms.com/otherbrands_pastureverde.html,No,No,Pasture_Verde,No,Yes,Yes,Yes
PastureLand,(608) 438-2626,http://www.pastureland.coop/,No,No,PastureLand,No,Yes,,
Pavel's,(510) 352-1474,http://www.pavels.net/,No,No,Pavel's,No,Yes,,
Peaceful Pastures,(615) 683-4291,http://www.peacefulpastures.com/,No,Yes,Peaceful_Pastures,,No,,
Pecan Shop,(254) 307-9386,http://www.pecanshop.com/,No,Yes,Pecan_Shop,No,Yes,No,No
Peeled Snacks,(212) 706-2001,http://www.peeledsnacks.com/,No,Yes,Peeled_Snacks,,Yes,No,No
Penzeys Spices,(800) 741-7787,http://www.penzeys.com/,Yes,Yes,Penzeys,,No,No,No
Pequea Valley Farm,(215) 275-3435,http://commonmarketphila.org/pequea-valley-farms/,No,No,Pequea_Valley_Farm,,Yes,,
Perfect,(866) 802-3860,http://www.perfectsupplements.com,Yes,Yes,Perfect,,Yes,,
Perfect Addition,(425) 251-8750,http://www.cpff.net/list.php?category=24&type=brand&brand=PERFECT+ADDITIONS,No,Yes,Perfect_Addition,No,Yes,No,No
Pero,(973) 338-1499,http://internaturalfoods.com/brands/pero.html,No,Yes,Pero,Yes,Yes,,
Perrier,,http://www.perrier.com,No,No,Perrier,Yes,Yes,,
Petaluma Poultry,(800) 556-6789,http://www.petalumapoultry.com/,No,No,Petaluma_Poultry,No,Yes,,
Pete's Paleo,,http://petespaleo.com/,No,Yes,Pete's_Paleo,No,No,No,No
Pickapeppa,(800) 335-7425,http://www.pickapeppa.com/,Yes,Yes,Pickapeppa,,Yes,No,No
Pickled Planet,(541) 201-2689,pickledplanet.com,No,No,Pickled_Planet,Yes,Yes,,
Pillar Rock,(206) 285-6800,http://www.oceanbeauty.com/our-brands-2/pillar-rock/,No,No,Pillar_Rock,Yes,Yes,No,No
Pinn-Oak Ridge Farms,(262) 728-9629,http://www.wisconsinlamb.com/,No,Yes,Pinn-Oak_Ridge_Farms,,Yes,Yes,
PJ Ranch,(772) 283-1874,http://pjranchhoney.com/,No,Yes,PJ_Ranch,No,Yes,,
Plantation,(732) 636-2060,http://www.alliedoldenglish.com/index.php/brands/plantation/plantation-organic-blackstrap-molasses.html,No,Yes,Plantation,Yes,Yes,No,No
Pleasant Hill Farm,(269) 561-2850,http://www.pleasanthillblueberryfarm.com/,Yes,Yes,Pleasant_Hill_Farm,,No,,
Pleasant Hill Grains,(1800) 321-1073,http://www.pleasanthillgrain.com/,Yes,Yes,Pleasant_Hill_Grains,No,No,,
Pleasant Pastures,(717) 768-3437,,Yes,No,Pleasant_Pastures,Yes,Yes,,
Pleasanton Brick Oven Bakery,(231) 941-1964,http://pleasantonbakery.com/,Yes,Yes,Pleasanton_Brick_Oven_Bakery,,No,No,No
Plummer's Sugar House,(802) 843-2207,http://www.plummerssugarhouse.com,Yes,Yes,Plummer's_Sugar_House,No,No,,
Pockets of the Future,,pocketsofthefuture.com,No,Yes,Pockets_of_the_Future,,No,No,No
Pocono,(315) 536-3311,http://thebirkettmills.com,No,Yes,Pocono,,No,No,No
Point Reyes,(800) 591-6878,http://www.pointreyescheese.com,Yes,Yes,Point_Reyes,,Yes,No,No
Polar Power (North American Herb and Spice),(800) 243-5242,http://www.northamericanherbandspice.com/,No,No,Polar_Power_(North_American_Herb_and_Spice),Yes,Yes,No,No
Polyface Farm,(540) 885-3590,http://www.polyfacefarms.com/,No,Yes,Polyface_Farm,,Yes,No,No
Potter's,(608) 663-5005,http://www.potterscrackers.com/,No,Yes,Potter's,,Yes,No,No
Prairie Pride Farm,(866) 245-7675,www.prairiepridepork.com/,Yes,Yes,Prairie_Pride_Farm,,Yes,No,No
Prather Ranch Meat Co.,,http://prmeatco.com/,No,No,Prather_Ranch_Meat_Co.,No,Yes,No,No
Premier Research Labs,(800) 325-7734,http://www.prlabs.com/,No,Yes,Premier_Research_Labs,,No,,
Primal Pacs,,primalpacs.com,No,Yes,Primal_Pacs,,No,No,No
Prime Select,(888) 870-7292,http://www.pssifish.com/,Yes,Yes,Prime_Select,,No,No,No
Primo Naturale,(877) 467-2331,http://www.primonaturale.com/,No,Yes,Primo_Naturale,No,Yes,,
Promised Land Dairy,(877) 671-2626,http://www.promisedlanddairy.com/,No,No,Promised_Land_Dairy,No,Yes,,
ProNatura,(800) 555-7580,http://www.pronaturainc.com/,Yes,Yes,ProNatura,,Yes,No,No
Prunotto,,,No,No,Prunotto,Yes,No,No,No
Purcell Mountain Farms,(208) 267-0627,http://www.purcellmountainfarms.com/,No,Yes,Purcell_Mountain_Farms,,No,,
Pure Indian Foods,(877) 588-4433,http://www.pureindianfoods.com/,No,Yes,Pure_Indian_Foods,Yes,Yes,No,No
Pure Planet,(562) 951-1124,http://www.pureplanet.com/,Yes,Yes,Pure_Planet,,No,No,No
Puritan's Pride,(800) 645-1030,http://www.puritan.com/,Yes,Yes,Puritan's_Pride,,No,Yes,No
Purity Farms,(877) 211-4819,http://www.purityfarms.com/,Yes,No,Purity_Farms,Yes,No,,
Quaker,(1800) 367-6287,http://www.quakeroats.com/products/hot-cereals/old-fashioned-oats.aspx,No,Yes,Quaker,Yes,Yes,,
R.W. Knudsen,(888) 569-6993,http://www.rwknudsenfamily.com,No,No,R.W._Knudsen,No,Yes,No,No
Radiant Life,(888) 593-8333,http://www.radiantlifecatalog.com/,Yes,Yes,Radiant_Life,,No,Yes,No
Raincoast Trading,,http://www.raincoasttrading.com/,No,No,Raincoast_Trading,No,Yes,Yes,Yes
Ranch Foods Direct,(866) 866-6328,http://ranchfoodsdirect.com/,Yes,Yes,Ranch_Foods_Direct,,No,No,No
Rapunzel,,http://www.rapunzel.de/,No,No,Rapunzel,Yes,No,No,No
Raw Crunch,,http://www.rawcrunchbar.com/,No,Yes,Raw_Crunch,Yes,Yes,No,No
Raw from the Farm,(510) 394-4729,http://www.rawfromthefarm.com/Pages/default.aspx,No,Yes,Raw_from_the_Farm,,No,No,No
RawGuru,(800) 518-0727,www.rawguru.com/_,No,Yes,RawGuru,,No,,
Rawmio,(800) 518-0727,http://www.rawmio.com/,No,Yes,Rawmio,No,No,No,No
RawOne Food,(954) 922-1315,http://www.rawonefood.com,No,Yes,RawOne_Food,Yes,Yes,Yes,No
Rawtella,none,,No,No,Rawtella,Yes,Yes,Yes,No
Real Bone Broth,,http://www.realbonebroth.com/,No,No,Real_Bone_Broth,Yes,No,No,No
Real Pickles,(413) 774-2600,http://www.realpickles.com/,No,Yes,Real_Pickles,,Yes,No,No
Really Raw,(800) 732-5729,http://www.reallyrawhoney.com/,Yes,Yes,Really_Raw,,Yes,,
Reallygoods,(608) 692-1918,http://www.reallygoods.net/,No,Yes,Reallygoods,No,Yes,No,No
Red Boat,(925) 858-0508,http://www.redboatfishsauce.com/,No,Yes,Red_Boat,,Yes,No,No
Redmond's,(330) 545-3700,http://www.peanutfreefoods.com/,No,Yes,Redmond's,No,Yes,,
Redwood Hill,(707) 823-8250,http://www.redwoodhill.com/,No,Yes,Redwood_Hill,,Yes,No,No
Reed's,(800) 997-3337,http://reedsinc.com/,No,Yes,Reed's,Yes,Yes,No,
Rejoice-in-Life,,http://www.rejoiceinlife.com/,Yes,No,Rejoice-in-Life,No,No,No,No
Rejuvenative Foods,(800) 805-7957,http://www.rejuvenative.com/,Yes,Yes,Rejuvenative_Foods,,Yes,No,No
Rhythm Superfoods,(512) 441-5667,http://rhythmsuperfoods.com/,No,Yes,Rhythm_Superfoods,Yes,Yes,Yes,Yes
Ribbon Road Farm,(716) 326-6150,http://www.ribbonroadfarm.com,No,Yes,,No,No,No,No
Ribbon Road Farms,(585) 750-0182,http://www.ribbonroadfarm.com/,No,Yes,Ribbon_Road_Farms,No,No,,
RiceSelect,(800) 993-7423,http://www.riceselect.com/,No,No,RiceSelect,Yes,Yes,,
Rigoni Di Asiago,(786) 282-7186,http://rigonidiasiago-usa.com,No,No,Rigoni_Di_Asiago,Yes,Yes,,
Rigoni di Asiago,,www.selinanaturally.com,No,Yes,Rigoni_di_Asiago,Yes,No,No,No
Rising Tide Sea Vegetables,(707) 964-5663,http://www.loveseaweed.com/,No,Yes,Rising_Tide_Sea_Vegetables,No,Yes,,
Rizopia,(416) 609-8820,http://rizopia.com/,No,No,Rizopia,Yes,No,,
Robinson Farm,(413) 477-6988,http://www.robinsonfarm.org/,No,Yes,Robinson_Farm,No,Yes,No,No
Rock House Farm,(828) 391-6881,http://www.rockhousefarm.info/,Yes,No,Rock_House_Farm,No,No,No,No
Rocky Mountain Organic Meats,(877) 754-4606,http://www.rockymtncuts.com/,No,Yes,Rocky_Mountain_Organic_Meats,,No,,
"Rocky Plains, LLP",(970) 217-7985,http://www.rockyplains.com/,Yes,No,"Rocky Plains, LLP",No,Yes,No,No
Rocky Ridge Dairy,(717) 284-0466,,Yes,No,Rocky_Ridge_Dairy,No,No,,
Rogue Creamery,(541) 665-1155,http://www.roguecreamery.com/store/,Yes,Yes,Rogue_Creamery,,Yes,Yes,Yes
Roland,(800) 221-4030,http://www.rolandfood.com/,No,Yes,Roland,Yes,Yes,No,No
Roman Meal,(800) 922-0017,http://www.romanmeal.com/,No,Yes,Roman_Meal,,Yes,,
Romanoff,(1800) 999-1835,http://www.romanoffcaviar.com/,No,No,Romanoff,Yes,Yes,,
Rosdea,(410) 329-3068,http://www.rosedabeef.com/,No,Yes,Rosdea,,Yes,No,No
Roth Sugar Bush,(715) 289-3665,http://www.rothsugarbush.com/,No,Yes,Roth_Sugar_Bush,,No,No,No
Rougiå_,(405) 460-2107,http://www.rougie.us/,No,No,Rougiå_,Yes,Yes,No,No
Ruby Bay,(718) 383-8585,http://www.acmesmokedfish.com/products?landing=ruby-bay,No,Yes,Ruby_Bay,,Yes,Yes,
Rudolph's,(800) 268-1589,http://www.rudolphsbakeries.com/,No,No,Rudolph's,Yes,Yes,,
Rumford,(812) 232-9446,http://www.clabbergirl.com/consumer/products/rumford/,No,Yes,Rumford,Yes,Yes,No,No
Rumiano Cheese Company,(707) 465-1535,www.rumianocheese.com,No,Yes,Rumiano_Cheese_Company,Yes,Yes,No,No
Running Water Farm,(717) 627-3177,,Yes,No,Running_Water_Farm,No,,No,No
Russell,(888) 429-4854,http://www.russellmaplefarms.com/,Yes,No,Russell,Yes,Yes,Yes,
Ry Krisp,(866) 770-1157,http://www.rykrisp.com/,No,Yes,Ry_Krisp,,Yes,No,No
Ryan Drum,,ryandrum.com,No,Yes,Ryan_Drum,No,No,,
Ryvita,,http://www.ryvita.co.uk/,No,No,Ryvita,Yes,Yes,Yes,No
Sacco,,,No,No,Sacco,Yes,Yes,No,No
Sacred Foods,(415) 883-1311,www.sacredchocolate.com,No,Yes,Sacred_Foods,,Yes,,
Safeway O Organics,(877) 723-3929,http://www.safeway.com/ShopStores/O-Organics.page,No,Yes,Safeway_O_Organics,No,Yes,Yes,Yes
Saint Benoit Creamery,,www.stbenoit.com/,No,No,Saint_Benoit_Creamery,No,Yes,,
Salemville Amish,(800) 782-0741,http://www.salemville.com/index.php,No,No,Salemville_Amish,No,Yes,No,No
Salt Works,(1800) 353-7258,http://www.saltworks.us/,No,Yes,Salt_Works,Yes,No,No,No
"Salt, Fire & Time",(503) 208-2758,http://saltfireandtime.com/,No,Yes,"Salt,_Fire_&_Time",Yes,No,Yes,Yes
SaltWorks,(800) 353-7258,http://www.saltworks.us,Yes,Yes,SaltWorks,,No,No,No
Sami's Bakery,(877) 989-2722,http://samisbakery.com/,No,Yes,Sami's_Bakery,,Yes,,
San Francisco Salt Company,(800) 480-4540,http://www.sfbsc.com/,Yes,Yes,San_Francisco_Salt_Company,No,No,Yes,No
San Marzano,(856) 853-5445,http://www.cento.com/sanmarzano/sanmarzano.html,No,Yes,San_Marzano,,No,No,No
San Pellegrino,,http://www.sanpellegrino.com/us,No,No,San_Pellegrino,Yes,Yes,Yes,
San-J,(800) 446-5500,www.san-j.com,No,Yes,San-J,,Yes,,
Sanfaustino,,,No,No,Sanfaustino,Yes,Yes,,
Santa Cruz Organic,(888) 569-6994,http://www.santacruzorganic.com,No,No,Santa_Cruz_Organic,Yes,Yes,,
Santa Teresa,(800) 710-4304,,No,No,Santa_Teresa,Yes,No,,
Saxon Homestead Creamery,(920) 693-8500,http://www.saxoncreamery.com/online/home/welcome/,No,Yes,Saxon_Homestead_Creamery,Yes,Yes,Yes,No
Schenker Family Farms,(877) 632-4470,schenkerfarms.com,Yes,Yes,Schenker_Family_Farms,,Yes,No,No
Scott River Ranch,(530) 467-4006,www.scottriverranch.com,No,Yes,Scott_River_Ranch,,No,No,No
Sea Clear,(310) 956-1988,shamanshackherbs.com,No,Yes,Sea_Clear,,No,No,No
Sea Fare Pacific,(541) 266-8862,http://seafarepacific.com/,No,No,Sea_Fare_Pacific,Yes,Yes,,
Sea Tangle Noodle Company,(408) 966-3109,http://www.kelpnoodles.com,No,Yes,Sea_Tangle_Noodle_Company,Yes,Yes,No,No
SeaBear,(800) 645-3474,www.seabear.com,No,Yes,SeaBear,,Yes,,
Seafood Connection,(360) 268-1328,http://westportwa.com/seafood/,No,No,Seafood_Connection,,No,No,No
Seagreens,(800) 899-3413,http://seagreensonline.com,Yes,Yes,Seagreens,,No,No,
SeaSnax,(310) 882-5503,http://store.seasnax.com/,No,Yes,SeaSnax,,Yes,No,No
Season,(201) 553-1100,http://manischewitz.elsstore.com/view/category/10181-season-brand/,No,Yes,Season,Yes,Yes,No,No
Seaagri,(678) 232-9064,seaagri.com,No,Yes,Seasons_90,,Yes,Yes,Yes
Seattle Caviar Company,(888) 323-3005,http://caviar.com/,Yes,Yes,Seattle_Caviar_Company,,No,No,No
Selina Naturally,(800) 867-7258,http://www.selinanaturally.com/,No,Yes,Selina_Naturally,,Yes,No,No
Sensible Foods,(888) 222-0170,http://sensiblefoods.com/,Yes,Yes,Sensible_Foods,,No,,No
Serenity Farm,(870) 447-2211,http://www.serenityfarmbread.us/,No,No,Serenity_Farm,No,Yes,No,No
Seven Stars Farm,(610) 935-1949,www.sevenstarsfarm.com,No,No,Seven_Stars_Farm,No,Yes,No,No
Sevre et Belle,(1800) 522-8427,,Yes,No,Sevre_et_Belle,Yes,No,,
Shady Acres,(717) 361-1640,,Yes,No,Shady_Acres,No,No,No,No
Shady Maple Farms,,,No,No,Shady_Maple_Farms,Yes,Yes,No,No
ShaSha Co.,(416) 255-0416,http://www.shashabread.com/,No,No,ShaSha_Co.,Yes,Yes,No,No
Shaw's,,,No,No,Shaw's,Yes,Yes,No,No
Shelburne Farms,(802) 985-8686,http://www.shelburnefarms.org/,No,Yes,Shelburne_Farms,,Yes,,
Shelton's,(800) 541-1833,http://www.sheltons.com/,No,Yes,Shelton's,No,Yes,No,No
Shepherd Song Farm,(715) 265-7637,www.shepherdsongfarm.com,Yes,Yes,Shepherd_Song_Farm,,No,,
Shields Date Garden,(800) 414-2555,http://www.shieldsdategarden.com,Yes,Yes,Shields_Date_Garden,Yes,Yes,,
Shiloh Farms,(800) 362-6832,www.shilohfarms.com,No,Yes,Shiloh_Farms,No,Yes,No,No
Shirakiku,(303) 295-0293,http://www.pacificmercantile.com/,Yes,Yes,Shirakiku,,No,No,No
Shudde Family Ranch,(866) 392-1510,http://www.shudderanch.com,No,Yes,Shudde_Family_Ranch,,No,,
Sibby's,,,No,No,Sibby's,No,Yes,,
Siberian Tiger Naturals,(877) 739-9925,www.siberiantigernaturals.com,No,Yes,Siberian_Tiger_Naturals,,No,,
Sierra Nevada Cheese Company,(530) 934-8660,www.sierranevadacheese.com,Yes,No,Sierra_Nevada_Cheese_Company,Yes,No,No,No
Sigona's Fresh Press,(650) 368-6993,www.sigonas.com/,No,Yes,Sigona's_Fresh_Press,,Yes,No,No
Simple Mills,(773) 800-0364,http://www.simplemills.com/,No,Yes,Simple_Mills,No,Yes,,
Simple Squares,(312) 343-9986,simplesquares.com,Yes,Yes,Simple_Squares,Yes,Yes,No,No
Simply Ghee,(717) 587-6841,http://www.simplyghee.com,No,Yes,Simply_Ghee,Yes,Yes,Yes,No
Simply Lobsters,(800) 796-3189,www.simplylobsters.com,Yes,Yes,Simply_Lobsters,,No,No,No
Simply Organic,(800) 437-3301,www.simplyorganic.com,No,Yes,Simply_Organic,,Yes,Yes,Yes
Skansen,,,No,No,Skansen,Yes,Yes,No,No
Sky Top Farms,(1800) 376-9544,http://www.skytopfarms.com/,No,No,Sky_Top_Farms,No,Yes,No,Yes
Small Valley Milling,(717) 362-9850,smallvalleymilling.com,Yes,Yes,Small_Valley_Milling,,No,Yes,Yes
Smart Chicken,(402) 786-1000,www.cafetecumseh.com/SmartChicken,No,Yes,Smart_Chicken,,Yes,No,No
SmartMonkey,,www.smartmonkeyfoods.com,No,Yes,SmartMonkey,No,Yes,Yes,No
Smith & Truslow,,http://www.smithandtruslow.com,No,Yes,Smith_&_Truslow,,Yes,No,No
Smjå_r,,www.smjor.is,No,No,Smjå_r,No,Yes,No,No
Smucker's,(888) 550-9555,http://www.smuckers.com/,No,Yes,Smucker's,Yes,Yes,,
Sno-Pac,(1800) 533-2215,www.snopac.com,Yes,No,Sno-Pac,No,Yes,No,No
Snowville Creamery,(740) 698-2340,www.snowvillecreamery.com,No,No,Snowville_Creamery,No,Yes,,
So Delicious,(866) 388-7853,sodeliciousdairyfree.com,No,No,So_Delicious,No,Yes,,
Soaper's Choice,(800) 322-6457,http://www.columbusfoods.com/,Yes,No,Soaper's_Choice,No,No,No,
Soaring Eagle Ranch,(575) 588-7424,http://www.naturalsteak.com/,Yes,No,Soaring_Eagle_Ranch,No,Yes,,
Sol Grains,(505) 984-3140,www.solgrains.com,No,No,Sol_Grains,Yes,Yes,,
Solana Gold,(707) 829-6024,www.solanagold.com/_,Yes,Yes,Solana_Gold,,Yes,,
Soler Romero,,http://www.soler-romero.com/,No,No,Soler_Romero,Yes,Yes,No,No
Solomon Falls,(907) 835-4874,www.solomonfalls.com,No,Yes,Solomon_Falls,,No,Yes,No
Somerdale,,http://somerdale.co.uk/products/somerdale-english-butter.aspx,No,No,Somerdale,Yes,Yes,Yes,Yes
Something Pure,,http://somethingpure.com/,No,Yes,Something_Pure,Yes,No,Yes,Yes
Sommers Organic,(877) 377-9797,www.sommersorganic.com,No,No,Sommers_Organic,Yes,No,No,No
Sonne's,(800) 544-8147,www.sonnes.com,Yes,Yes,Sonne's,,Yes,No,No
Sonoma,(800) 446-1516,http://latortillafactory.com,No,Yes,Sonoma,Yes,Yes,No,No
Soothin' Infusion,(800) 250-4718,soothininfusion.com,Yes,No,Soothin'_Infusion,No,No,No,No
South Mountain Creamery,(1877) 269-2968,www.southmountaincreamery.com,Yes,Yes,South_Mountain_Creamery,,No,,
South River,(413) 369-4057,http://www.southrivermiso.com/,No,Yes,South_River,No,No,No,No
Spam,(1800) 523-4635,www.spam.com/_,No,No,Spam,No,Yes,Yes,No
Spectrum,(800) 434-4246,http://www.spectrumorganics.com/,No,Yes,Spectrum,,Yes,No,No
Spence & Co.,(508) 427-5577,http://www.spenceltd.com/,No,No,Spence_&_Co.,No,Yes,,
Spicely,(510) 440-1044,http://www.spicely.com,No,Yes,Spicely,Yes,Yes,Yes,Yes
Spirit Creek Farm,(715) 742-3551,spiritcreekfarm.com,No,No,Spirit_Creek_Farm,No,Yes,No,No
Spiritual Food for the New Millennium,(301) 654-4899,http://schooloflife.org,Yes,No,Spiritual_Food_for_the_New_Millennium_,No,No,,
Spring Bank Acres,(814) 349-5594,,Yes,No,Spring_Bank_Acres,Yes,Yes,Yes,No
Spring Brook Farm,(802) 484-1226,http://farmsforcitykids.org/,No,No,Spring_Brook_Farm,No,Yes,,
Spring Gap Mountain Creamery,(304) 947-5414,www.springgapmtn.com/,No,No,Spring_Gap_Mountain_Creamery,No,No,Yes,No
Spring Hill Jersey Cheese Co.,(707) 762-3446,www.springhillcheese.com,No,Yes,Spring_Hill_Jersey_Cheese_Co.,No,Yes,,
Springer Mountain Farms,(877) 826-2322,http://www.springermountainfarms.com/,Yes,Yes,Springer_Mountain_Farms,,Yes,,
Sprout Creek Farm,(845) 485-9885,http://www.sproutcreekfarm.org/,Yes,Yes,Sprout_Creek_Farm,No,Yes,Yes,No
Sprouted Almonds,(307) 673-0601,http://www.sproutedalmonds.com/,No,Yes,Sprouted_Almonds,No,Yes,Yes,No
Sproutman,(1800) 695-2241,http://www.sproutman.com/,No,Yes,Sproutman,No,No,,
Sproutpeople,(877) 777-6887,http://sproutpeople.org/,No,Yes,Sproutpeople,,No,No,No
Squid Brand,(662) 234-3402,http://www.squidbrand.com/,No,No,Squid_Brand,Yes,Yes,No,No
"Stakich, Inc.",(248) 642-7023,http://www.stakich.com/,No,Yes,"Stakich,_Inc.",,No,No,No
Stannard Farm,,http://www.stannardfarm.com/,No,Yes,Stannard_Farm,,No,No,No
STAR,(559) 498-2900,http://www.starfinefoods.com/,No,Yes,STAR,No,Yes,No,No
Starwest Botanicals,(800) 800-4372,http://www.starwest-botanicals.com/,Yes,Yes,Starwest_Botanicals,,No,No,
Steve's Original,,http://www.stevespaleogoods.com,No,Yes,Steve's_Original,,No,,
Stiglmeier Sausage Co.,(800) 451-8199,www.stiglmeier.com,Yes,Yes,Stiglmeier_Sausage_Co.,,No,,
Stock Options,(503) 236-7610,www.stockoptionsonline.com,No,No,Stock_Options,No,No,No,No
Straka Meats Inc.,(608) 546-3301,http://www.strakameatsinc.com,Yes,No,Straka_Meats_Inc.,No,No,No,No
Straus Family Creamery,(707) 776-2887,http://strausfamilycreamery.com/,No,No,Straus_Family_Creamery,No,Yes,Yes,Yes
Strength Kizmix,(603) 475-5095,www.willnroses.com,No,Yes,Strength_Kizmix,,Yes,No,No
"Sugartown Smoked Specialties, Inc.",(610) 429-4080,www.smokedfoods.com,No,Yes,"Sugartown_Smoked_Specialties,_Inc.",,Yes,,
Sunbiotics,(800) 925-0577,http://sunbiotics.com,No,No,Sunbiotics,Yes,No,Yes,No
SunButter,(1800) 437-5539,http://www.sunbutter.com/,No,Yes,SunButter,Yes,Yes,Yes,No
Sunflower Organics,,http://www.honeybeepollen.com/,Yes,No,Sunflower_Organics,No,Yes,No,No
Sunfood Super Foods,8887293663,http://www.sunfood.com/,Yes,Yes,Sunfood_Super_Foods,No,No,Yes,
Sunja's,(802) 244-7644,https://www.sunjaskimchi.com,No,Yes,Sunja's,Yes,Yes,,
Sunland,(575) 356-6638,http://www.sunlandinc.com,Yes,No,Sunland,No,Yes,No,No
Sunny Crest Pastures,(717) 768-0101,,Yes,No,Sunny_Crest_Pastures,No,No,No,No
SunOrganic Farm,(888) 269-9888,http://www.sunorganic.com/,Yes,Yes,SunOrganic_Farm,,No,,
Sunset Acres,(765) 569-5677,,Yes,No,Sunset_Acres,No,Yes,No,No
Sunset Valley Organics,(541) 752-0460,http://www.sunsetvalleyorganics.com/,No,Yes,Sunset_Valley_Organics,,Yes,,
Surry Farms,(888) 901-4267,http://www.surryfarms.com/,Yes,Yes,Surry_Farms,,No,No,No
Sustainable Seas,(800) 998-9946,http://www.sustainableseas.com/,Yes,Yes,Sustainable_Seas,No,No,No,No
Swanson,(800) 824-4491,http://www.swansonvitamins.com/,Yes,Yes,Swanson,,No,No,No
Sweet Grass Dairy,(229) 228-6704,http://sweetgrassdairy.com/,No,Yes,Sweet_Grass_Dairy,No,No,,
Sweet William of Earlville,(315) 691-3000,www.earlvillefarms.com,No,Yes,Sweet_William_of_Earlville,,No,,
Sweetwater Baking Co.,(540) 593-3191,https://www.sweetwatergranola.com/,No,Yes,Sweetwater_Baking_Co.,,No,No,No
Swiss Connection,(812) 939-2813,http://www.swissconnectioncheese.com/,Yes,No,Swiss_Connection,No,No,Yes,No
SwissLand Cheese Co.,(260) 589-2671,http://www.swisslandcheese.com/,No,Yes,SwissLand_Cheese_Co.,No,Yes,,
T.G.L. Organic,(213) 814-2289,http://www.tglorganic.com/,No,Yes,T.G.L._Organic,,No,,
Talenti,(214) 526-3600,http://www.talentigelato.com/,No,No,Talenti,Yes,Yes,No,No
Tallgrass Beef Company,,tallgrassbeef.com,No,Yes,Tallgrass_Beef_Company,No,Yes,No,No
Tanka,(800) 416-7212,http://www.tankabar.com,No,Yes,Tanka,,Yes,,
Taste Nirvana,(909) 598-4300,www.tastenirvana.com,No,No,Taste_Nirvana,Yes,Yes,No,No
Teeny Tiny Spice Co. of Vermont,(802) 598-6800,www.teenytinyspice.com,No,Yes,Teeny_Tiny_Spice_Co._of_Vermont,,Yes,No,No
Tendergrass Farms,(800) 929-1785,grassfedbeef.org,Yes,Yes,Tendergrass_Farms,No,No,No,No
Terra,(800) 434-4246,http://www.terrachips.com,No,Yes,Terra,,Yes,No,No
Terroirs d'Antan,,,No,No,Terroirs_d'Antan,Yes,Yes,,
Thai Kitchen,(800) 967-8424,http://www.thaikitchen.com/,No,Yes,Thai_Kitchen,,Yes,No,No
Thankful Harvest,(712) 830-3281,http://thankfulharvest.com,No,Yes,Thankful_Harvest,No,Yes,No,No
The Brinery,(734) 717-4469,thebrinery.com,No,Yes,The_Brinery,No,Yes,,
The Brothery,,http://www.thebrothery.com/,No,Yes,The_Brothery,No,No,,
The CheeseMaker,(414) 745-5483,www.thecheesemaker.com,Yes,Yes,The_CheeseMaker,,No,No,No
The Country Hen,(978) 928-5333,http://www.countryhen.com/,Yes,No,The_Country_Hen,No,Yes,Yes,No
The Family Cow,(717) 491-4004,http://www.yourfamilyfarmer.com/,Yes,Yes,The_Family_Cow,No,Yes,Yes,No
The Gefilteria,3476888561,http://gefilteria.com/,No,Yes,The_Gefilteria,No,Yes,,
The Grass Fed Cattle Company,(612) 581-7787,http://grassfedcattleco.com/,No,Yes,The_Grass_Fed_Cattle_Company,,No,Yes,No
The Naked Pig Meat Co.,(704) 485-2258,http://www.thenakedpig.com/default.asp,No,Yes,The_Naked_Pig_Meat_Co.,No,No,,
The Oatmeal of Alford,,http://www.oatmealofalford.com/,No,Yes,The_Oatmeal_of_Alford,,Yes,,
The Original Brat Hans,(800) 442-8666,http://www.colemannatural.com/,No,No,The_Original_Brat_Hans,No,Yes,,
The Pure Olive,(571) 208-8203,http://www.thepureolive.com/,No,Yes,The_Pure_Olive,,No,,
The Raw Bakery - Blue Mountain Organics,(540) 745-5040,http://bluemountainorganics.com/therawbakery/,No,Yes,The_Raw_Bakery_-_Blue_Mountain_Organics,Yes,Yes,No,No
The Raw Food World,(866) 729-3438,http://www.therawfoodworld.com/,Yes,Yes,The_Raw_Food_World,,No,No,
The Real Bread Company,7709267325,http://www.realbreadcompany.com/,No,Yes,The_Real_Bread_Company,No,Yes,Yes,No
The Rejuvenation Company,(510) 594-2440,http://www.rejuvenationcompany.com/,No,No,The_Rejuvenation_Company,No,Yes,No,No
The Spice Hunter,(800) 688-5676,www.spicehunter.com,Yes,Yes,The_Spice_Hunter,,Yes,No,No
The Synergy Company,(800) 723-0277,Thesynergycompany.com,Yes,Yes,,No,No,,
The Urban Homemaker,(800) 552-7323,http://www.urbanhomemaker.com/productcart/pc/home.asp,Yes,Yes,The_Urban_Homemaker,,No,No,No
The Wizard's,(805) 684-8500,http://www.edwardandsons.com/thewizards_info.itml,No,Yes,The_Wizard's,,Yes,No,No
Thomas Organic Creamery,(989) 661-2354,www.thomasorganiccreamery.com,Yes,No,Thomas_Organic_Creamery,No,Yes,No,No
Thompson Farms,(866) 463-9218,http://www.thompsonfarms.com,Yes,Yes,Thompson_Farms,,No,No,No
Thoughtful Harvest,(864) 492-1499,http://thoughtfulharvest.com/,No,Yes,Thoughtful_Harvest,,No,No,No
Thousand Hills Cattle Company,(507) 263-4001,www.thousandhillscattleco.com,No,Yes,Thousand_Hills_Cattle_Company,,Yes,,
Thunder Heart Bison,(210) 930-0841,http://www.thunderheartbison.com/,No,Yes,Thunder_Heart_Bison,No,Yes,No,No
Tiburtini,(888) 636-8162,,No,No,Tiburtini,Yes,No,No,No
Tierra Farm,(888) 674-6887,http://www.tierrafarm.com/,No,Yes,Tierra_Farm,,Yes,No,No
Tinkyada,(619) 609-0016,http://www.tinkyada.com/,No,No,Tinkyada,Yes,Yes,No,No
Tiparos,,http://www.tiparos.com/,No,No,Tiparos,Yes,Yes,,
To Your Health Sprouted Flour Co.,(877) 401-6837,http://www.organicsproutedflour.net/,No,Yes,To_Your_Health_Sprouted_Flour_Co.,,Yes,No,No
Tohum Natural Foods,5107177614,http://www.tohum.com/,Yes,No,Tohum_Natural_Foods,No,No,Yes,No
Tom's Amish Dairy Products,(717) 548-4284,http://www.amishcheesestore.com,No,Yes,Tom's_Amish_Dairy_Products,No,No,No,No
Tonnino*,(888) 325-8621,http://www.tonnino.com/,No,Yes,Tonnino*,,Yes,No,No
Top of the World Farm,(866) 866-3287,http://www.topoftheworldfarm.com,Yes,No,Top_of_the_World_Farm,No,No,Yes,No
Tra Chang,,,No,No,Tra_Chang,Yes,Yes,,
Trader Joe's,,www.traderjoes.com,No,No,Trader_Joe's,Yes,Yes,No,No
Traderspoint Creamery,(317) 733-1700,www.tpforganics.com,No,Yes,Traderspoint_Creamery,,Yes,,
Triangle Organics,(814) 349-4890,,Yes,No,Triangle_Organics,No,No,No,No
Tribest Yolife,(888) 254-7336,,No,No,Tribest_Yolife,Yes,Yes,No,No
Trickling Springs Creamery,(717) 709-0711,www.tricklingspringscreamery.com,No,No,Trickling_Springs_Creamery,No,Yes,No,No
Tropical Salt Corporation,(877) 323-6611,www.tropicalsalt.com,No,Yes,Tropical_Salt_Corporation,,No,Yes,Yes
Tropical Traditions,(866) 311-2626,www.tropicaltraditions.com,No,Yes,Tropical_Traditions,,No,,
Tropics Best,(888) 386-9246,https://tropicsbest.com,Yes,Yes,Tropics_Best,,No,No,No
True Natural Taste,(800) 559-2998,truenaturaltaste.com,No,Yes,True_Natural_Taste,,No,No,No
TruRoots,(925) 218-2205,truroots.com,No,Yes,TruRoots,,Yes,,
Tsar Nicoulai Caviar,(800) 952-2842,http://tsarnicoulai.gostorego.com,Yes,Yes,Tsar_Nicoulai_Caviar,Yes,No,No,No
Tudor House Tea & Spice,(269) 978-3475,http://tudorhousetea.com,No,Yes,Tudor_House_Tea_&_Spice,No,No,,
Twin Lab,(800) 645-5626,www.twinlab.com,No,Yes,Twin_Lab,,Yes,No,No
Two Leaves Tea Company,(866) 631-7973,www.twoleavestea.com,No,Yes,Two_Leaves_Tea_Company,,Yes,No,No
UliMana,(828) 713-3469,www.ulimana.com,No,Yes,UliMana,,No,,
Ultimate Superfoods,(800) 728-2066,ultimatesuperfoods.com,Yes,Yes,Ultimate_Superfoods,,Yes,No,No
Uncle Ben's,(800) 548-6253,www.unclebens.com,No,No,Uncle_Ben's,Yes,Yes,,
Uncle Matt's Organic,(877) 364-2028,unclematts.com/_,No,Yes,Uncle_Matt's_Organic,,Yes,No,No
Uncured Natural Meats,(920) 386-4971,http://www.uncurednaturalmeats.com/,Yes,Yes,Uncured_Natural_Meats,,Yes,No,No
Underground Butcher,(608) 338-3421,http://undergroundfoodcollective.org,No,Yes,Underground_Butcher,,Yes,Yes,No
Unique Essential Eating,(888) 477-5487,essentialeating.com,No,Yes,Unique_Essential_Eating,,No,No,Yes
United With Earth,(323) 982-9311,http://www.unitedwithearth.com,No,No,United_With_Earth,Yes,No,No,No
Uplands,(888) 935-5558,http://www.uplandscheese.com/,Yes,Yes,Uplands,,Yes,No,No
US Wellness,(877) 383-0051,www.grasslandbeef.com,No,Yes,US_Wellness,No,Yes,No,No
Utz,(1800) 367-7629,www.utzsnacks.com,No,Yes,Utz,,Yes,Yes,Yes
Valley Organic Garlic Farm,(717) 806-0392,http://valleyorganicgarlic.com,No,Yes,Valley_Organic_Garlic_Farm,No,No,No,No
Veggie-Go's,(303) 875-5196,nakededgesnacks.com,No,Yes,Veggie-Go's,,Yes,No,No
Veldhuizen Family Farm,(254) 968-3098,http://www.veldhuizencheese.com/,No,Yes,Veldhuizen_Family_Farm,No,Yes,No,No
Venice Olive Oil Co.,(719) 632-5160,veniceoliveoil.com,No,Yes,Venice_Olive_Oil_Co.,,Yes,Yes,No
Vermont Butter and Cheese Company,(800) 884-6287,www.vermontcreamery.com,No,Yes,Vermont_Butter_and_Cheese_Company,Yes,Yes,Yes,Yes
Vicolo,(1866) 484-2656,http://www.vicolopizza.com,No,Yes,Vicolo,,Yes,,
Virgin California Olive Oil Co.,7028894200,https://virgincaliforniaoliveoil.com/,Yes,No,Virgin_California_Olive_Oil_Co._,No,No,No,No
Virgin Oil de Coco-Creme,(877) 870-1018,http://virginoildecococreme.com/,No,No,Virgin_Oil_de_Coco-Creme,Yes,Yes,No,No
Vita Biosa,,http://www.vitabiosa.com/,,,,,,No,No
Vita Coco,,www.vitacoco.com,No,Yes,Vita_Coco,Yes,Yes,No,No
Vital Choice,(800) 608-4825,www.vitalchoice.com,Yes,Yes,Vital_Choice,No,No,Yes,No
Vital Farms,(877) 455-3063,vitalfarms.com/_,No,No,Vital_Farms,No,Yes,No,No
Vital Vittles,(510) 644-2022,www.vitalvittles.com,No,Yes,Vital_Vittles,,Yes,No,No
Vitamin Research Products,(800) 877-3292,http://www.vrp.com,Yes,Yes,Vitamin_Research_Products,,No,No,No
Vivapura,(877) 787-6457,www.vivapura.com,No,Yes,Vivapura,,Yes,No,No
Vom Fass,(608) 204-0300,www.vomfassusa.com,No,Yes,Vom_Fass,,Yes,No,No
Wallace Farms,(515) 480-8763,http://www.wallacefarms.com/,No,Yes,Wallace_Farms,No,No,,
Walnut Acres,(1800) 434-4246,http://www.walnutacres.com,No,Yes,Walnut_Acres,,Yes,,
Walt's Swarmbustin',(610) 384-2384,http://www.swarmbustinhoney.com/,Yes,Yes,Walt's_Swarmbustin',,No,,
Wasa,,http://www.wasa-usa.com,No,No,Wasa,Yes,Yes,No,No
Way Better,(631) 761-6950,http://gowaybetter.com/,No,Yes,Way_Better,Yes,Yes,No,No
Wedderspoon,,,,,,,,,
Wedderspoon,(877) 296-8403,http://www.wedderspoon.com,No,Yes,Wedderspoon,Yes,Yes,No,No
Wee Bee,(585) 652-9592,www.weebeehoney.net/_,No,Yes,Wee_Bee,,Yes,No,No
Wegmans,(800) 934-6267,www.wegmans.com,No,Yes,Wegmans,,Yes,No,No
Wellshire Farms,(877) 467-2331,http://www.wellshirefarms.com/,No,Yes,Wellshire_Farms,No,Yes,,
Welsh Mountain Farm,(717) 768-3652,http://www.homegrowncow.com/cake/farms/profile/?Name=/welsh-mountain-farm,Yes,Yes,Welsh_Mountain_Farm,Yes,No,No,No
West Wind Farms,(423) 442-9768,http://www.westwindfarms.com,No,Yes,West_Wind_Farms,No,No,No,Yes
Westbrae,(1800) 434-4246,www.westbrae.com,No,Yes,Westbrae,,Yes,No,No
Whale Tails,,http://www.whaletailschips.com,No,Yes,Whale_Tails,Yes,Yes,No,No
Wheatena,(800) 819-3918,http://www.homestatfarm.com,No,No,Wheatena,Yes,Yes,Yes,Yes
White Oak Pastures,(229) 641-2081,whiteoakpastures.com,No,Yes,White_Oak_Pastures,,Yes,Yes,Yes
White Thunder Organics,(605) 452-3233,http://www.whitethunderorganics.com,Yes,Yes,White_Thunder_Organics,,Yes,No,No
Whole Foods 365,,http://www.wholefoodsmarket.com/,No,Yes,Whole_Foods_365,,Yes,,
Wholesome Sweeteners,(800) 680-1896,http://www.wholesomesweeteners.com,No,Yes,Wholesome_Sweeteners,Yes,Yes,,
Wil-Ar Farm,(717) 776-6552,,Yes,No,Wil-Ar_Farm,No,No,,
Wild for Salmon,(570) 387-0550,wildforsalmon.com,No,Yes,Wild_for_Salmon,Yes,Yes,,
Wild Idea Buffalo Co.,(866) 658-6137,wildideabuffalo.com,No,Yes,Wild_Idea_Buffalo_Co.,,No,,
Wild Planet,(800) 998-9946,http://www.wildplanetfoods.com/,No,Yes,Wild_Planet,,Yes,,
Wildcatch,(907) 522-7806,http://www.copperriverseafoods.com,No,Yes,Wildcatch,,Yes,,
Wilderness Family Naturals,(866) 936-6457,www.wildernessfamilynaturals.com,No,Yes,Wilderness_Family_Naturals,,Yes,,
Wilderness Poets,(360) 247-6250,http://www.wildernesspoets.com/,Yes,Yes,Wilderness_Poets,No,No,,
Williamson Farms,(1888) 743-2960,http://williamsonfarms.ca,Yes,No,Williamson_Farms,No,No,,
Willow Hills,(270) 479-0055,willowhills.org,No,Yes,Willow_Hills,,No,,
Willow Run Dairy,(717) 556-0285,www.myrealfoodclub.com,Yes,No,Willow_Run_Dairy,Yes,No,,
Wills Valley Farm Products,(717) 284-5751,www.willsvalley.com,No,Yes,Wills_Valley_Farm_Products,,Yes,,
Wisconsin Natural Acres,(920) 849-9784,www.wnacres.com,No,Yes,Wisconsin_Natural_Acres,,Yes,,
Wise Choice Market,(541) 613-1165,wisechoicemarket.homestead.com,No,Yes,Wise_Choice_Market,Yes,No,,
Wise Organic Pastures,,,,,,,,,
Wise Organic Pastures,(718) 596-0400,www.wiseorganicpastures.com,No,Yes,Wise_Organic_Pastures,,No,,
Wolavers,,,No,No,Wolavers,No,Yes,,
Wolff's,(315) 536-3311,http://thebirkettmills.com/,No,Yes,Wolff's,,No,no,no
Wonderfully Raw,(831) 786-8773,http://wonderfullyrawgourmet.com,No,Yes,Wonderfully_Raw,,Yes,no,no
Woodstock Farms,,www.woodstock-farms.com,No,Yes,Woodstock_Farms,,Yes,,
Y.S. Organic Bee Farms,(800) 654-4593,www.ysorganic.com,Yes,No,Y.S._Organic_Bee_Farms,No,Yes,no,no
YAWP!,(919) 797-9297,http://www.yawpeats.com,No,Yes,YAWP!,Yes,Yes,no,no
Yumbutter,,http://www.yumbutter.com/,No,Yes,Yumbutter,No,Yes,no,no
Z Natural Foods,(888) 963-6637,http://www.znaturalfoods.com,Yes,Yes,Z_Natural_Foods,,No,,
Zelalem Injera,(202) 640-2624,http://zelaleminjera.com/,No,No,Zelalem_Injera,No,Yes,no,no
Zerbe's,(717) 291-1076,,Yes,No,Zerbe's,Yes,Yes,no,yes
Ziggy Marley Organics,(866) 312-3762,http://www.ziggymarleyorganics.com/,No,Yes,Ziggy_Marley_Organics,No,Yes,no,no
Zimmerman's,,http://willowhillsnaturalfoods.com/,No,Yes,Little_Cheese_Shop,,No,no,no
Zingerman's,(888) 636-8162,www.zingermans.com,Yes,Yes,Zingerman's,,No,yes,yes
Zoe,(212) 563-2707,http://www.zoebrand.com/,No,No,Zoe,Yes,Yes,Yes,Yes
Zukay Live Foods,(610) 286-3077,zukay.com,No,No,Zukay_Live_Foods,Yes,Yes,No,No